Name,ID,Notes,,,,
1A Auto Parts,(888) 844 3393,",,,,,,,,,",,,,
3DBioCAD,(877) 878 3348,",these are previous visitors assigned to Cam; his lists have been assigned to you for any future visitors,similar to CDB?,,,,,,,",,,,
99 Cents Only Store,(888) 582 5999,",,,,,,,,,",,,,
A A R Electronics Inc,(985) 876 4096,",Henry Landeche president, Ryan Rodrigue CTO, Corey Fontenot GM,,,,,,,,",,,,
A123 Systems LLC,(617) 778 5700,",,,,,,,,,",,,,
Aalborg Instruments & Controls Inc,(845) 770 3000,"Division of  Alfa Laval Group. Decision -making centered in Denmark.,,,,,,,,,",,,,
Abbvie,(800) 255 5162,"NA,,,,,,,,,",,,,
ABC Supply Co Inc,(608) 362 7777,",,,,,,,,,",,,,
ABIS Inc,(713) 680 2247,",Ray Kimble rkimble@abiscorp.com; Dennis Mosley dmosley@abiscorp.com; Wally met OCT2014 in Nashville at PMA - invite to 5/12 https://xtuple.com/roadshow-houston,ABIS is in df - they've been pretty active on website,Looks like a potential partner, yes? --Rick,,,,,,",,,,
ABP International Inc,(972) 831 1600,",,,,,,,,,",,,,
Absolute Coatings Inc,(973) 887 8007,",,,,,,,,,",,,,
Accardi Companies,(718) 793 6900,",,,,,,,,,",,,,
Accents de Ville Imports,(514) 331 2166,",was testing our software but no contact info on record,,,,,,,,",,,,
ACCO Brands Corporation,(800) 222 6462,",,,,,,,,,",,,,
AccuGeo Liner Inc,(800) 955 4637,",Need sales script,Dale Borsma CEO invite to https://xtuple.com/roadshow-socal,,,,,,,",,,,
Acculogic Technologies Inc,(604) 732 4400,",Murray Klaiman owner; appointment should be w/xTuple's Danielle Kerner,,,,,,,,",,,,
Accurate Lock & Safe Company,(604) 659 2911,",these are previous visitors assigned to Cam; his lists have been assigned to you for any future visitors,,,,,,,,",,,,
Ace Mart Restaurant Supply,(888) 223 6278,",chuck@acemart.com Chuck Bridgman CFO invite to https://xtuple.com/roadshow-houston,,,,,,,,",,,,
Acelity LP,(800) 275 4524,",,,,,,,,,",,,,
Acer Cloud Technology Inc,(408) 830 9809,",,,,,,,,,",,,,
ACP Direct Inc,(800) 238 8009,",Chuck Morris president chuck@acpdirect. com,,,,,,,,",,,,
ACS Solutions,(800) 241 9881,",these are previous visitors assigned to Cam; his lists have been assigned to you for any future visitors,Dave Fox https://www.linkedin.com/in/dave-fox-b55375a,,,,,,,",,,,
Acumen,(888) 632 9901,"He is at lunch right now,,Jeffrey Sawyer jsawyer@acumengroup.us,,,,,,,",,,,
Adchem Corporation,(631) 727 6000,"IT Mananger ext 234 he is not at his desk,,,,,,,,,",,,,
Adcom,(818) 765 9955,",,,,,,,,,",,,,
Adept Technology Inc,(925) 245 3400,",these are previous visitors assigned to Cam; his lists have been assigned to you for any future visitors,got Worksheet to Calculate Return on Investment for Your ERP = Bhanu Sodhi bhanu.sodhi@adept.com,,,,,,,",,,,
Adhesive Tape Products Inc,(305) 887 8881,",,,,,,,,,",,,,
Advance Paper Box Company,(323) 750 2550,",Shodja Talaee (Apogee) was CFO/COO here! not finding good contact other than HR mgr Susan Bollinger,,,,,,,,",,,,
Advanced Composites,(615) 244 8994,",these are previous visitors assigned to Cam; his lists have been assigned to you for any future visitors,MFG,,,,,,,",,,,
Advanced Engineering Solutions Inc,(937) 743 6900,",Mr. Daklak Do founding partner; tools mfg; do.daklak@aesi-usa.com,,,,,,,,",,,,
Advanced Fixtures Inc,(888) 784 8800,"She is in  meeting right now,,Stefanie Hurst CFO shurst@advancedfixtures invite to https://xtuple.com/roadshow-houston,,,,,,,",,,,
Advantech Industries Inc,(585) 247 0701,",,,,,,,,,",,,,
AERC Recycling Solutions,(804) 550 1762,",these are previous visitors assigned to Cam; his lists have been assigned to you for any future visitors,based on when hitting FT page-ccrawford@icsva.com,,,,,,,",,,,
Aerofit LLC,(714) 521 5060,",David Beddome president,,,,,,,,",,,,
AGDATA,(800) 230 4997,",,,,,,,,,",,,,
Aidarex Pharmaceuticals LLC,(951) 270 0816,",,,,,,,,,",,,,
Air Drilling Co,(704) 872 7614,",,,,,,,,,",,,,
Airborne Systems North America,(714) 662 1400,"Noone is at the front desk.,,,,,,,,,",,,,
Akkar Group,(305) 500 9929,",Jose Luis Zreik CEO,,,,,,,,",,,,
Album Palace Inc,(732) 317 8920,",,,,,,,,,",,,,
Alfa-Inc,(800) 551 4420,",,,,,,,,,",,,,
Alijas Inc,(215) 247 1833,",John Kukulka President,,,,,,,,",,,,
Allied Concrete,(434) 296 7181,",need eComm! Thomas Cobb VP/Corporate Controller,,,,,,,,",,,,
Allied Plating Supplies Inc,(800) 432 8692,"Gone for the day I let the receptionist know that someone went to our site about an alternative for Quickbooks,,,,,,,,,",,,,
Alpha Packaging,(314) 427 4300,",,,,,,,,,",,,,
Alps Welding Ltd,(905) 850 2780,",,,,,,,,,",,,,
Alstom,(212) 692 5353,",,,,,,,,,",,,,
Alternative Energy Source,(866) 646 7322,",Huck Hayes president,,,,,,,,",,,,
Aluf Plastics,(800) 394 2247,",mfg,,,,,,,,",,,,
Alva-Amco Pharmacal Companies Inc,(847) 663 0700,",,,,,,,,,",,,,
Amaxi Nutrition Products,(909) 989 2688,",,,,,,,,,",,,,
American Foam Corporation,(401) 944 4990,",,,,,,,,,",,,,
American Paper Converting Inc,(866) 822 5272,"found in df; also added to LEADS for Lead Slam,,,,,,,,,",,,,
American Ramp Company,(800) 949 2024,"The systems ADMIN said they already have ERP and dont need it he wouldnt tell me what they have,Switched to IT there was no answer,,,,,,,,",,,,
American Stationery Company Inc,(800) 822 2577,",Dave Ambrose IT, Michael & Cliff Bakehorn owners, Mike Bakehorn president,,,,,,,,",,,,
AMETEK,(978) 988 4101,",cj.mukherjee@ametek.com CJ Mukherjee Superior Tube Company Inc (attended Pipe&Tube Charlotte Show where Wally presented Sep2016),,using pre-key PostBooks?,,,,,,",,,,
Amigo Mobility Center,(888) 892 2580,",,,,,,,,,",,,,
Amphenol EEC Inc,(773) 463 8343,",did not convert on free demo signup - no contact info,Matt Schroll Systems Coord; Monica Okoniewski Office Admin,,,,,,,",,,,
AMS Controls,(314) 344 3144,",at FABTECH? Andy Allman (Pres) Marc Allman (COO),,,,,,,,",,,,
Amsco Valley Forge,(631) 435 1400,",Brian Minoff president brian@amscovf.com,,,,,,,,",,,,
Analog Devices Inc,(800) 262 5643,",,,,,,,,,",,,,
Anderson International Corp,(800) 336 4730,",,,,,,,,,",,,,
Animal Science Products Inc,(936) 560 0003,",,,,,,,,,",,,,
Animart,(855) 254 6600,"Sean is not at his desk.,Sean Neil in IT is in a meeting.,,,,,,,,",,,,
Anthill Networks,(281) 923 7737,"Bob Watts watts@humbug.antnet.com,,Bob Watts watts@humbug.antnet.com - opened e-blast re: Houston roadshow,,,,,,,",,,,
Aperion Information Technologies Inc,(989) 792 3877,",Mark Comins President mark@aperion.com,,,,,,,,",,,,
Apex Manufacturing Solutions LLC,(208) 344 5535,",,,,,,,,,",,,,
Apollo Video Technology,(425) 483 7100,",,,,,,,,,",,,,
Applied Dynamics International Inc,(734) 973 1300,",,,,,,,,,",,,,
Appvion Inc,(920) 734 9841,",,,,,,,,,",,,,
Arbonne International LLC,(800) 272 6663,"Kay Zanotti CEO, Gretchen Price CFO, Guy Their, CIO,,,,,,,,,",,,,
ARC Automotive Inc,(865) 583 7800,",,,,,,,,,",,,,
Arizona Chemical Company LLC,(800) 526 5294,",,,,,,,,,",,,,
Armstrong Group,(724) 2830925,",,,,,,,,,",,,,
Armstrong RM Corp,(315) 437 1517,"someone from Blair is here - could be a referral for us? Ed Doherty Ops, Peter Armstrong President, Patrick Federico CFO, James Morin GM,,,,,,,,,",,,,
Arnold. Hancock & Co LLC,(432) 683 8200,",,,,,,,,,",,,,
Array Technologies,(505) 881 7567,",,,,,,,,,",,,,
Art's,(408) 778 0606,",,,,,,,,,",,,,
Artmada Inc,(847) 854 8922,"SAP,,,,,,,,,",,,,
Ascent Energy Services Inc,(519)  631 4211,",,,,,,,,,",,,,
Asheville Fence,(800) 520 7501,",,,,,,,,,",,,,
Ashland Inc,(859) 357 7777,",,,,,,,,,",,,,
Asset Inter Tech Inc,(888) 694 6250,",,,,,,,,,",,,,
Associated Dynamics Inc,(800) 442 5125,",found us via Serchen (lead gen/review site)missy,,,,,,,,",,,,
Astellas Pharma US Inc,(800) 888 7704,",,,,,,,,,",,,,
Astronics Corporation,(425) 881 1700,",,,,,,,,,",,,,
ATACO Steel Products Corporation,(262) 377 3000,"Jim ext 239,IT is not in right now,,,,,,,,",,,,
Athena Manufacturing LP,(512) 928 2693,",,,,,,,,,",,,,
Atlantic Coated Papers Ltd,(416) 299 1675,",Sylvain Jutras VP Ops; Jim Dubay VP Finance, David Granovsky Pres, Phil Woodall Purchasing (80 emps),,,,,,,,",,,,
Atlas Systems Inc,(757) 467 7872,",local company (VirginiaBeach) hitting career pages,,,,,,,,",,,,
Audina Hearing Instruments Inc,(407) 331 0077,"AJ the IT manager is in a meeting.,,,,,,,,,",,,,
Audio Incorporated,(908) 620 1007,",,,,,,,,,",,,,
Auroralight Inc,(877) 942 1179,",,,,,,,,,",,,,
Auto-Chlor System,(559) 291 5051,",Kevin McCurdy COO; Paul Macdonald Corp Controller,,,,,,,,",,,,
Auto-Vehicle Parts Company,(800) 354 9816,"Joe Hohe VP Ops,http://www.k-ecommerce.com/medias/Auveco_Case_Study.pdf,,Using k-ecommerce & MSFT Dynamics,,,,,,",,,,
Autocrib,(800) 671 6501,",Stephen Pixley CEO, Jonathan Kim CTO, Jim McMahon VP Ops,,,,,,,,",,,,
Automatic Handling,(734) 847 0633,",,,,,,,,,",,,,
AutoZone Inc,(901) 495 6500,",,,,,,,,,",,,,
Avalara Inc,(206) 826 4900,",,,,,,,,,",,,,
Avior Control Technologies Inc,(720) 491 3708,",Debora Starin president,,,,,,,,",,,,
Aware Products,(818) 206 6700,",,,,,,,,,",,,,
Baass Business Solutions Inc,(519) 936 7991,",Joseph Arnone President jarnone@baass.com,,,,,,,,",,,,
Balchem Corporation,(845) 355 5300,",John Kuehner (VP Ops) William Backus (CFO) Frank Fitzpatrick (VP Admin) no webform registration matched w/this company,,,,,,,,",,,,
Baosteel America Inc,(201) 307 3355,",,,,,,,,,",,,,
Barefoot Yoga Co,(877) 227 3366,",,,,,,,,,",,,,
BatchMaster Manufacturing ERP,(949) 583 1646,"They are a competitor.,,Mark Richards mrichards@batchmaster.com,,,,,,,",,,,
Baumer Foods Inc,(504) 482 5761,",FOOD MFG,,,,,,,,",,,,
Bay,(800) 837 2292,",,,,,,,,,",,,,
Bay Photo Lab,(800) 435 6686,",sara.parsoneault@bayphoto.com (form submission),,,,,,,,",,,,
BCA Network LLC,(410) 869 1325,"not available,no record in our db re: using PostBooks¬,,,,,,,,",,,,
Beckman Coulter Inc,(541) 472 6500,",,,,,,,,,",,,,
Bedrosians,(714) 778 1800,",Gardnar O'Brien CFO,,,,,,,,",,,,
Bel Power Solutions,(866) 513 2839,",Dan Bernstein president, Dennis Ackerman VP Ops, Colin Dunn VP Finance/CFO 201-432-0463 x2810 cdunn@belf.com - auto aftermarket-good industry for us!,,,,,,,,",,,,
Belden Inc,(800) 235 3361,",,,,,,,,,",,,,
Belkin International Inc,(310) 751 5100,"No names are on the prompts or departments,,,,,,,,,",,,,
Bell Electronics,(253) 395 0707,"Not interested,,Gary Bell, in df,,,,,,,",,,,
Bell Supply Company LLC,(817) 645 4200,"Phone just rang when they switched me,940-612-0612 call corporate the gentleman said who answered the phone.,,,,,,,,",,,,
Belleville International,(877) 235 5384,",did not complete free demo signup,,,,,,,,",,,,
Belron Canada Inc,(905) 669 7700,",,,,,,,,,",,,,
Bendix Commercial Vehicles Systems LLC,(440) 329 9000,",,,,,,,,,",,,,
Bennett Crone Lumber & Plywood Inc,(619) 661 0667,",,,,,,,,,",,,,
Benny D'Angelo Transport,(450) 454 9824,"Rentals Mgr, eCommerce,,,,,,,,,",,,,
Benson Stone Co,(815) 227 2000,"told us they were going with Epicor (big jump!) but need to followup: Mark Martindale markm@bensonstone.com 815-227-2000 ex 108,Danielle says go for it,,Anil's customer?,Looks like you're working with Anil on this one - Cam,,,,,",,,,
BerganKDV,(952) 563 6800,",,,,,,,,,",,,,
Berry Plastics Corporation,(877) 662 3779,"Cant get throught the line,,,,,,,,,",,,,
Bestbath,(800) 727 9907,"Voice mail message came on there was no human,,update URL https://bestbath.com/,,,,,,,",,,,
Betco Inc,(979) 778 6176,",,,,,,,,,",,,,
Bexel Global Broadcast Solutions,(800) 225 6185,"he is not at his desk.,,Tom Dickinson CTO,,,,,,,",,,,
Beyond Digital Imaging,(905) 415 1888,"they are all at lunch right now,Left a msg with the receptionist for the IT dept they are all out right now.  She did ask me if I had called before and I told her no,,,Larry Chan, President,,,,,,",,,,
BH Cosmetics USA,(888) 545 4744,",,Pedro Lugo IT Mgr / Kirill Trachtenberg COO kirill@bhcosmetics.com,,,,,,,",,,,
BHK of America,(800) 724 4212,",,,,,,,,,",,,,
Bioquell Inc,(215) 682 0225,",,,,,,,,,",,,,
Bloomy Controls Inc,(860) 298 9925,",,,,,,,,,",,,,
Blue Origin LLC,(253) 437 9300,",,,,,,,,,",,,,
Bob's Discount Furniture,(860) 645 3208,",,,,,,,,,",,,,
Bodine Electric Company,(773) 478 3515,",,,,,,,,,",,,,
Boehmer Box Lp,(519) 576 2480,",,,,,,,,,",,,,
Bombardier Inc,(514) 861 9481,",,,,,,,,,",,,,
Bowe Bell & Howell International Ltd,(800) 889 6245,",,,,,,,,,",,,,
Boyum & Barenscheer PLLP,(952) 854 4244,",,,,,,,,,",,,,
Bradford Times,(905) 775 4471,"using our software but no company record,,Based on 1/30 RSS click, may be jtrainor@touchstonetech.ca - LF SUPPORT confirms this IP is Bradford Times - ?,Matt Labrun is the person to speak to I called the Post Media Group and he is not at his desk wcb tomorrow,,Talked to Miss King and she said that the Bradford Times is a division of the Post Media Group and they handle all of the IT and software issues I have to call them and she gave me the phone no its705-726-6537.....,on 3.6.0RC Standard - no contact in df,,,",,,,
Brago Construction Inc,(450) 661 1121,",,,,,,,,,",,,,
Bravo Company USA Inc,(877) 272 8626,",,,,,,,,,",,,,
Brazeway Inc,(317) 392 2533,",2008 website - they sorely need xTupleCommerce!,,,,,,,,",,,,
Brewers Association,(888) 822 6273,"IT not available,,did not complete free demo signup; interest in PostBooks¬,,,,,,,",,,,
Bridgeline Digital,(781) 376 5555,",,,,,,,,,",,,,
BroadPlex,(828) 433 4506,",,,,,,,,,",,,,
Brothers International Food Corporation,(585) 343 3007,",,,,,,,,,",,,,
Brown Enterprise Solutions,(614) 588 0248,",,,,,,,,,",,,,
BST Consultants Inc,(800) 726 3300,",dlang@bstgroup.com Donald Langefels,,,,,,,,",,,,
Buckeye,(800) 321 2583,",,,,,,,,,",,,,
Business Access,(972) 931 4198,",https://www.linkedin.com/in/kimbunting/,,,,,,,,",,,,
Business Systems Connection,(877) 271 9484,",,,,,,,,,",,,,
Bway,(770) 645 4800,"Nobody is answering the phone,,Fernando Graf, VP  IT; Vanda Reis, IT Transformation,,,,,,,",,,,
C R Laurence Co Inc,(800) 421 6144,",Dale Bolen, VP Finance/Acct, Mazdak Vaezpour SVP Mfg,,,,,,,,",,,,
C Raker & Sons Inc,(517) 542 2316,",,,,,,,,,",,,,
C&F Enterprises Inc,(404) 523 0034,",,,,,,,,,",,,,
Cabot Corporation,(678) 297 1300,",,,,,,,,,",,,,
CAID Industries,(520) 294 3126,",,,,,,,,,",,,,
Cal Industrial Sales South Co Inc,(323) 278 7979,",,,,,,,,,",,,,
Cal-Western Packaging Corp,(901) 775 2767,",2016-won 16 contracts worth $43.4 million. Since 2000, performed 607 contracts with a total obligation amount of $1.43 billion - large government contractor - Cliff Robinson, Manufacturing Executive,,,,,,,,",,,,
Callaway,(877) 723 5218,",golf!!!,,,,,,,,",,,,
Calumet Specialty Products Partners LP,(800) 437 3188,",,,,,,,,,",,,,
Camino Modular Building Systems,(416) 675 2400,",,,,,,,,,",,,,
Camino Real Kitchens Inc,(800) 421 6201,",,,,,,,,,",,,,
Canadian Dewatering LP,(780) 400 2260,"Owned by another company who makes the decision and wont give me the name.,She said they are not available.,,Dale Marchand President (Web Portal, Rentals - hot buttons?),,,,,,",,,,
Canam Group Inc,(418) 228 8031,",,,,,,,,,",,,,
Cancord Inc,(800) 879 0079,",Wendy Johnstone Pres,,,,,,,,",,,,
Capital Signs,(800) 369 2559,"Talked to Kapil they added to Sage so they are not interested anymore,not available,Not available,Checked with IT and someone else and they claim they are not using our software will go back and try to find someone else.,i have a question - can we ....,Kapil Lamichhane was talked to on 2/8 - brush off  - might be worth finding another contact at company,Active Customer visitors previously assigned to Renee,demo scheduled,,",,,,
Carolina Industrial Equipment,(800) 933 5705,"not available,,,,,,,,,",,,,
Cascade Rubber Products Inc,(800) 226 5994,"They are open 6-2:00pm they are closed,,,,,,,,,",,,,
Casco Equipment Corporation,(951) 324 8500,"He is not available right now.,Tony Macaleer is the IT Manager and he is not in,,,,,,,,",,,,
Caterpillar Inc,(309) 672 2905,",did not complete free demo signup,,,,,,,,",,,,
Cavalia Inc,(866) 989 2282,"message machine came on,NO answer the messae machine came on.,not in our target mkt but would make interesting case study!,,free PostBooks user - we'd love to know them, upgrade, subscribe to our email list for updated info etc,,,,,",,,,
CB&I,(832) 513 1000,",Steve Owens VP Manufacturing sowens@cbi.com,,,,,,,,",,,,
CBC of Charleston,(843) 747 5429,",,,,,,,,,",,,,
CCK Automations Inc,(217) 243 6040,",,,,,,,,,",,,,
CDW Corporation,(702) 495 5000,",,,,,,,,,",,,,
Cedar Valley IT Services,(319) 235 2724,",,,,,,,,,",,,,
Cenovus Energy Inc,(403) 766 2000,",,,,,,,,,",,,,
Centaur Technology,(512) 418 5700,",,,,,,,,,",,,,
Central Packaging,(913) 894 0744,",,,,,,,,,",,,,
Central Spa & Pool Supply,(705) 528 1052,",,,,,,,,,",,,,
Certco Inc,(608) 271 4500,",Robert Collins IT, Randy Simon president, Amy Niemetscheck CFO,,,,,,,,",,,,
Cesart Internationale Inc,819 693 6763,",phone # not in service,using PB4.9.2,checks out as valid company IP - worth making contact,not Fred Blauer - checking IPhttp://computer-processing-data-preparation-processing-services.can.info/qc/montreal/cesart-internationale-inc/,,,,,",,,,
CFAN,(512) 353 2832,",,,,,,,,,",,,,
Cff Stainless Steels Inc,905 549 2603,",,,,,,,,,",,,,
CFI,(256) 837 5660,",good lead - we have several similar government contracting customers via SAIC,,,,,,,,",,,,
CGI Group Inc,(514) 841 3200,",mark.boyajian@cgi.com President,,,,,,,,",,,,
CGIS,(250) 562 8261,",Lisa Woods COO, Ross Waters president, Paul Conradie Ops (possibly on NetSuite),,,,,,,,",,,,
Ch Technologies Inc,(425) 398 7145,",http://chtechusa.com,,,,,,,,",,,,
ChaiOne,(888) 316 0357,",GAURAV KHANDELWAL CEO - make appointment w/xTuple's Danielle Kerner,,,,,,,,",,,,
Chancellor Inc,(601) 518 6453,",,,,,,,,,",,,,
ChanTest,(877) 828 1777,",,,,,,,,,",,,,
Chemtec Chemical Company,(818) 700 0071,"Roger said he has never used it (postbooks) and is not interested,Roger Long is the head of IT he is not at his desk right now I was transferred over.,Scott Gelowitz CEO,,,,,,,",,,,
Chesapeake Energy Corporation,(405) 848 8000,",,,,,,,,,",,,,
Chevron Corporation,(925) 842 1000,",,,,,,,,,",,,,
Chime Master,(740) 746 8500,",,,,,,,,,",,,,
Choice Solutions LLC,(800) 486 1541,",make appointment w/xTuple's Danielle Kerner,Jim Steinlage jsteinlage@choicesolutions.com in df,,,,,,,",,,,
CIRS,(800) 617 1177,",local to us,mark@cirsinc.com Mark Devlin 757-855-2765,,,,,,,",,,,
ClearEdge Partners,(617) 527 2022,",,,,,,,,,",,,,
Clifton Lighting & Supplies,(973) 365 1007,"There is no answer,,,,,,,,,",,,,
CliftonLarsonAllen,(612) 376 4500,",farris.hamwi@cliftonlarsonallen.com practice director,,,,,,,,",,,,
CNM LLP,(818) 999 9501,",,,,,,,,,",,,,
Cobham Integrated Electronic Solutions Inc,(215) 996 2000,"not available,,did not complete free demo signup form,,,,,,,",,,,
Cobra Motorcycle Manufacturing Inc,(517) 437 9100,",,,,,,,,,",,,,
Code,(801) 495 2200,",Dr. Ming Lei VP Tech, Jana Buck VP Ops,,,,,,,,",,,,
Cohen & Company,(216) 579 1040,",sguarini@cohencpa.com Steve Guarini,,,,,,,,",,,,
Coil Craft,(800) 322 2645,",,,,,,,,,",,,,
Colgate-Palmolive Company,(732) 878 7500,",,,,,,,,,",,,,
Colonna's_Shipyard Inc,(800) 265 6627,",local to us,look who visited again--didn't do much....,eComm prospect? 2015 website http://www.colonnaship.com/our-team.html,,,,,,",,,,
Color Associates,(314) 423 9300,",,,,,,,,,",,,,
Comet Industries Inc,(888) 700 4214,",,,,,,,,,",,,,
Commercial Base Software Ltd,(403) 532 4404,",Jerry Hobbs Ext 200 jhobbs@cbasetech.com or jghsurfpro@hotmail.com; 9 Cougarstone Place SW, Calgary AB T3H 4W8,,,,,,,,",,,,
Commercial Truck Equipment Co,(604) 888 0513,",Spire db name? IP checks out - legit company,,,,,,,,",,,,
Computer Works,(734) 242 4539,"Founders Robert & Matthew brothers Kevin Dahm (President) are cutting neighborhood lawns out of their parentsÍ home.  3 Brothers Lawn Care,,ever make a connection here?,This IP is correct company; using pre-PB key version; should we reach out & get them upgraded?,logging into the xTuple app several times daily using PostBooks 3.8; potential partner?,,,,,",,,,
Concurrent Technologies Corp,(800) 282 4392,",,,,,,,,,",,,,
ConocoPhillips Company,(918) 661 6600,",,,,,,,,,",,,,
Conseil IntelliCo Consulting,(514) 907 2340,",MSFT partner,,,,,,,,",,,,
Consolidated Pressure Control,(281) 893 5900,",,,,,,,,,",,,,
Contech Inc,(800) 767 8658,",David Radick Finance,,,,,,,,",,,,
Contemporary Services Canada,(604) 687 2483,",,,,,,,,,",,,,
Contour Metrological & Manufacturing,(800) 641 7913,"Not available,,,,,,,,,",,,,
Control Chief,(814) 362 6811,",,,,,,,,,",,,,
Convergent Technologies Group,(888) 353 5307,",Jeff Garell owner - make appointment w/xTuple's Danielle Kerner,,,,,,,,",,,,
Conviron,(204) 786 6451,"There is no answer,,gvokey@conviron.com Gord Vokey,,,,,,,",,,,
Cook Medical,(812) 339 2235,",,,,,,,,,",,,,
Cooperative Computing,(469) 795 7964,",Partner opp?,,,,,,,,",,,,
CorActive,(418) 845 2466,",,,,,,,,,",,,,
Core Laboratories,(713) 328 2673,"David.Hume@corelab.com,,David Hume President invite to 5/12 Houston event https://xtuple.com/join-us-2017-xtuple-roadshow,,,,,,,",,,,
Cét_ R_co Inc,(819) 292 2323,",Robert Huyghe robert@crbsolutions.ca,,,,,,,,",,,,
Creative Business Solutions,(952) 544 1108,",George B. Studnicky III president, we have very similar customers!,,,,,,,,",,,,
Creative Stage Lighting Co Inc,(518) 251 3302,"Talked to IT and he said there is no interest.,,,,,,,,,wally mentioned renee will chase initially",,,,
Crestline,(306) 934 8844,"Switched to IT and there was no answer,,hitting free PostBooks¬ but no record of this customer,,,,,,,",,,,
Croakies,(800) 443 8620,",vicky.ludema@crowehorwath.com,,,,,,,,",,,,
Crowe Horwath LLP,(212) 572 5500,",Jim Cook President - Business Solutions (may be in Fairfax office; who is his counterpart here?), to you from the Data Manager Prospective Partners.,,,,,,,",,,,
CSC,(860) 823 2000,",,,,,,,,,",,,,
CuBE Packaging Solutions Inc,(905) 750 2823,",Kim Camilleri VP Finance, Tim Hinton IT,,,,,,,,",,,,
Custom Comfort Mattress Co,(866) 838 5607,",,?,,,,,,,",,,,
Custom Information Services,(888) 739 3375,"not available,,Tim Riddle triddle@customis.com,,,,,,,",,,,
Custom Valve,(800) 513 2773,",sent email to clarify - 2 active accounts in df,Called and ended up talking to Tom, Locker Live division. They're on PB 4.7. Custom Valve isn't on the xTuple.http://www.lockerlive.net/Locker_Live,_LLC/Welcome.html,pre-key PB,,,,,,",,,,
CVRx Inc,(763) 416 2840,",https://www.linkedin.com/in/john-brintnall-391b1410/ CFO - they mfg a patented medical device!,,,,,,,,",,,,
D&H Global Enterprise LLC,(262) 255 1170,",,,,,,,,,",,,,
Da Inc,(812) 256 3351,",MFG plastics,,,,,,,,",,,,
Daimay North America Automotive Inc,(313) 387 8018,",http://en.daimay.com/about.html,,,,,,,,",,,,
Daniel S. Harrison Contracting LLC,(215) 369 0593,",,,,,,,,,",,,,
Daniells Phillips Vaughan & Bock,(661) 834 7411,",,,,,,,,,",,,,
Dare Foods Ltd,(519) 893 5500,",,,,,,,,,",,,,
Dart NeuroScience,(858) 736 3060,",,,,,,,,,",,,,
Day Automation,(585) 924 4630,",Eric Orban, President; Robert Bower, Technology Mgr; Wayne Pruner, Financial Director,,,,,,,,",,,,
Dayton Lamina Corporation,(937) 859 5111,"Based on only 1 visit, not a Good Lead; they use JDEdwards,,I called and the operator is not available wcb..went to contacts and there is no last name but I went to the prompts and none of the depts are listed.  This IS a manufacturing company so they come under our profile.,,,,,,,",,,,
DeBug Computer Inc,(775) 883 3630,",,,,,,,,,",,,,
Deccofelt Corporation,(800) 543 3226,",,,,,,,,,",,,,
Decor Products Inc,(888) 688 6396,",,,,,,,,,",,,,
Deerpoint Group Inc,(800) 969 8458,",sound Whitney-like?missy,,,,,,,,",,,,
Dekra-Lite Canada,(604) 683 5483,",,,,,,,,,",,,,
Del Sol Food Company Inc,(979) 836 5978,",Jerry Brown owner info@briannassaladdressing.cominvite to https://xtuple.com/roadshow-houston,,,,,,,,",,,,
Design Distributors Inc,(631) 242 2000,",,,,,,,,,",,,,
Devon Energy Corporation,(405) 235 3611,",,,,,,,,,",,,,
Diamond Gear Company Ltd,(877) 811 4258,"Philia Lijdsman General Manager PLijdsman@newdellco.com 281.686.9961,,mfgmissy,,,,,,,",,,,
Diamond Moba Americas,(248) 476 7100,",,,,,,,,,",,,,
Diamond Products,(800) 321 5336,",,,,,,,,,",,,,
Digatron Power Electronics Inc,(203) 446 8000,",,,,,,,,,",,,,
Digi International Inc,(877) 912 3444,",,,,,,,,,",,,,
Digi Key Electronics,(800) 344 4539,",,,,,,,,,",,,,
Digital District,(514( 932 4191,",using older pre-key version of PostBooks - no contact info for this company - please collect as much as possible,,,,,,,,",,,,
Display Logic USA,(631) 406 1922,",,,,,,,,,",,,,
Distek Inc,(732) 422 7585,",,,,,,,,,",,,,
DistributionNOW,(800) 228 2893,"Matt Oglesby VP IT Matt@distributionnow.com; Robert Workman Pres/CEO,,,,,,,,,",,,,
DiversiFoam Products,(763) 477 5854,",Mike Truebenbach mtrueben@diversifoam.com,Steve Slavik, Operations Mgr (or CEO per Data.com); Kurt Kessler Plant Mgr; Rebecca Coyle, CIO,Looking for a contact to reach out to. Thanks! - Cam,,,,,,",,,,
Dixie USA EMS Supply Company,(800) 347 3494,",,,,,,,,,",,,,
DJO Global,(760) 727 1280,"Switched to the admin asst of the IT dept they would not put me through to the manager.,,,,,,,,,",,,,
dlhBOWLES,(330) 478 2503,",found us using a private search engine so no idea what keyword they used missy,,,,,,,,",,,,
Dorfin,(888) 936 7346,",,,,,,,,,",,,,
DORMA Americas,(866) 401 6063,",MFG--rick,David Lui - MGR IT InfrastructureTad Achenbach - Materials/Production & Inventory Control MGRJohn Daniels - VP Ops,,,,,,,",,,,
Dorner Company,(262) 932 2100,",Tim Ruesch CEO,,,,,,,,",,,,
Doshi Associates Inc,(248) 689 6700,"There was no answer,I called and there was no answer.,,,,,,,,",,,,
DownEast,(800) 337 3076,",Klane Murphy CEORich Israelsen COOSteve Pappas IT Mgr,,,,,,,,",,,,
Driv-Lok,(815) 315 1004,",Seems that way. I'm going to reach out to Divya Behl: https://www.linkedin.com/in/divyavohra,MFG i  think--rick,,,,,,,",,,,
DSD Business Systems,(858) 550 5900,"They look like competitors,,Doug Deane President dougd@dsdinc.com,,,,,,,",,,,
Dupli,(315) 472 1316,",Pelco referral? Kemper Matt-not Matt Kemper (Pres) Stephen Elliott (VP IT) John Hudack (VP Ops) Todd Luchsinger (CFO),,,,,,,,",,,,
Duplicating Products Inc,(800) 633 8659,",Looks like DIST - maybe could use some Rental functionality?,,,,,,,,",,,,
Durex Industries,(847) 639 5600,",,,,,,,,,",,,,
E-ONE,(352) 237 1122,",From Data.com/LinkedIn: Don Wood Dir of Mfg; Joseph Belle Dir of Mfg; Don Hintz Dir of Ops Dev; Company is part of http://www.revgroup.com,redirects are in process - direct this visitor to https://xtupleuniversity.xtuple.com/library/manuals,,,,,,,",,,,
E2B Teknologies,(440) 352 4700,",bhenslee@e2btek.com Bill Henslee CEO,,,,,,,,",,,,
East West Trading Corporation,(773) 930 3159,",,,,,,,,,",,,,
Eaton Center,(440) 523 5000,"Will not call since we are not sure if it is a duplicate lead,duplicate lead?,,,,,,,,",,,,
eBox Inc,(416) 455 7045,",using a very old edition of commercial version of the software - but do not have contact info - please get as much info as possible,,,,,,,,",,,,
Econocaribe Consolidators Inc,(305) 693 5133,",,,,,,,,,",,,,
EdgeRock Technology Partners,(617) 412 4300,"SAP,,partner prospect?missy,,,,,,,",,,,
Edmonton Exchanger,780 468 6722,",interesting way they found us https://erp-systems.zone/system/xtuple,,,,,,,,",,,,
Edmonton Valve & Fitting Inc,(780) 437 0640,",,,,,,,,,",,,,
EDSYN Inc,(818) 989 2324,"Julie is the contact for IT she is na,,,,,,,,,",,,,
Edward Don & Company,(708) 442 9400,",did not convert on free demo signup-no contact info,,,,,,,,",,,,
Efficiency Inc,(888) 768 2888,",,,,,,,,,",,,,
EG Industries,(614) 219 1423,",,,,,,,,,",,,,
Elcon Associates Inc,(503) 644 2490,",,,,,,,,,",,,,
Electric Motion Company Inc,(860) 738 6261,",,,,,,,,,",,,,
Electronic Cooling Solutions Inc,(408) 738 8331,"Number on the net is the same as this and there is an electronic recording,Numbers are still the same will see if there is another one on the internet,The no for the CEO is out of service and the other number given is just a message machine.,Bill Maltz CEO wmaltz@ecooling.com 650-254-0422,https://xtuple.com/xtuple-is-pcmrp-replacement is the actual page (not sure how they got to the segment they did - they are NOT on the pc/MRP list:  Bill Maltz President, Tita Maltz Dir of Ops,,,,,",,,,
Elevator Controls Corporation,(800) 829 8106,",,,,,,,,,",,,,
Elk River Inc,(800) 633 3954,",no conversion on free demo signup, no contact,,,,,,,,",,,,
Ellery Homestyles LLC,(910) 843 4242,",DISTmissy,,,,,,,,",,,,
Ellison Retail,(800) 253 2238,",,,,,,,,,",,,,
Elope. Inc,(800) 553 5673,"IT Manager not at his desk,not available,not available,,Kevin and Keith Johnson,,,,,",,,,
EMT International Inc,(920) 468 5475,",search for configurator - page is now unpublished https://xtuple.com/marketplace/paladin-rule-based-configurator,,,,,,,,",,,,
Emuge Corporation,(800) 323 3013,",Bob Hellinger president, Derek Belanger IT bob.hellinger@emuge.com,,,,,,,,",,,,
Enablence Technologies Inc,(613) 656 2850,",,,,,,,,,",,,,
Enbridge Inc,(780) 420 5210,",,,,,,,,,",,,,
Energy Recovery,(510) 483 7370,",mfgmissy,,,,,,,,",,,,
Enertrak Inc,(450) 973 2000,",,,,,,,,,",,,,
Engineered Glass Products,(312) 326 4710,",Mike Hobbs CEO,Chris Hobbs VP/GM,checkout the url - someone trying to log into our website :/but still MFGmissy,,,,,,",,,,
Engineered Lifting Technologies,(855) 800 9568,",,,,,,,,,",,,,
EnovaPremier LLC,(502) 412 4406,",,,,,,,,,",,,,
Enterprise Products,(713) 381 6500,"invite to 5/12 https://xtuple.com/roadshow-houston,,Paul Flynn Sr VP/CIO pflynn@eprod.com (713)381-6824,,,,,,,",,,,
Enver Solar,(714) 640 2344,",,,,,,,,,",,,,
Enwaii,(330) 273 9600,",,,,,,,,,",,,,
EPI Printing & Finishing,(585) 262 7590,",PostBooksmissy,,,,,,,,",,,,
Epic Information Solutions,(204) 453 2300,",partner opp?,,,,,,,,",,,,
Ergogenesis Workplace Solutions LLC,(800) 364 5299,"IT not at their desk.,IT is not at their desk,Tony Gerbino CEO tgerbino@ErgoGenesis.com,,,,,,,",,,,
Essential Formulas Inc,(972) 255 3918,"Amy Alvitre aalvitre@essentialformulas.com ext201 on Invite list to Houston Roadshow but has NOT registered,,,,,,,,,",,,,
ETBO Tool and Die,(519) 773 5117,",,,,,,,,,",,,,
Etratech Inc.,(905) 681 7544,",,,,,,,,,",,,,
Euroline Windows Inc,(604) 940 8485,",,,,,,,,,",,,,
Eutex International Inc,(832) 358 1177,",Nick Mair VP nmair@eutexinternational.com invite to 5/12 Houston event https://xtuple.com/roadshow-houston,,,,,,,,",,,,
Evonik Corporation,(251) 443 4000,",mfg,,,,,,,,",,,,
Evoqua Water Technologies LLC,(724) 772 0044,",,,,,,,,,",,,,
Ewing Components Inc,(877) 394 6489,",,Paul Galan President; invite to Houston Roadshow,,,,,,,",,,,
Exchange,(214) 312 3300,",,,,,,,,,",,,,
Fabricmate Systems Inc,(866) 622 2996,"He said right now things are going ok check back in the 3rd quarter of this year,Went with Odoo (competitor) Aug16 - call Larry Richardson (805)290-1440 to confirm - how is implementation going? is Odoo ERP all that they needed?,,Went with Odoo 8.16.2016,mfg--rick,,,,,",,,,
Family Video,(309) 291 0445,",,,,,,,,,",,,,
Famous Smoke Shop-PA Inc,(800) 564 2486,",,,,,,,,,",,,,
Federal Premium Ammunition,(800) 379 1732,",CEO Mark W. DeYoung,,,,,,,,",,,,
Ferguson Enterprises,(757) 417 3950,"NO prompts to reach the individuals and you need a name no operator available,,local to xTuple HQ - Missy knows mktg people there,,,,,,,",,,,
Ferguson Pape Baldwin Architects,(619) 231 0751,",info@dmlightingtech.com James Deng Ops Mgr - signed up for free demo,,,,,,,,",,,,
Fetch Logistics Inc,(716) 689 7412,",Calvin Ticoalu, Software/IT - having trouble w/PB?,,,,,,,,",,,,
Fibrocell Science Inc,(484) 713 6000,",mfgmissy,,,,,,,,",,,,
Finishing Brands,(419) 470 2000,",Joe Koren IT,,,,,,,,",,,,
FirstSTREET for Boomers and Beyond Inc,(800) 958 8324,"eComm prospect?,,Patty Jagger President Patty@firststreetonline.com local VA company - found us via 757Angels,,,,,,,",,,,
Flagship Brands LLC,(888) 801 7227,"Hugh Gaither president,,Hugh Gaither & sons, John & Joe hgaither@feeturesrunning.com,,,,,,,",,,,
Flame Spray North America Inc,(864) 862 2730,",Marco Prosperini CEO,,,,,,,,",,,,
Fleetwood Windows & Doors,(800) 736 7363,"Jenny in IT is away from her desk,,,,,,,,,",,,,
Flexcon,(508) 885 8200,",,,,,,,,,",,,,
Flow Dynamics & Automation Inc,(205) 581 1200,",,,,,,,,,",,,,
Fluitron Inc,(215) 355 9970,"EXT 109 IT Manager is not at his desk.,,Tony Chiccarine, president,,,,,,,",,,,
Fluke,(425) 347 6100,",,,,,,,,,",,,,
Fluorolite Plastics,(508) 788 1200,",,,,,,,,,",,,,
Foodspotting Inc,(415) 320 7768,"This was an odd looking one in dogfood.  I don't have any connection here.  Putting it back into Leadgen,vernoncurry@outlook.com via FT signup,,,,,,,,",,,,
Forte Automation Systems Inc,(815) 633 2300,",,,,,,,,,",,,,
Four Roses Bourbon,(502) 839 3436,",,,,,,,,,",,,,
Fox Scientific Inc,(800) 369 5224,",,,,,,,,,",,,,
Frankel Building Group,(713) 623 4646,"No answer,,invite to Houston event 5/12 - https://xtuple.com/join-us-2017-xtuple-roadshowJim Frankel-dad; Kevin & Scott-sons/co-presidents; kf@frankelbuildinggroup.com; sf@frankelbuildinggroup.com,I reached their answering service.,,,,,,",,,,
Franklin Miller_Inc,(800) 932 0599,",,,,,,,,,",,,,
Frederick Logan Company Inc,(724) 776 9300,"IT is offsite,,,,,,,,,",,,,
Freight Handlers Inc,(800) 849 3132,",,,,,,,,,",,,,
French Ellison Truck Center,(800) 455 9177,",,,,,,,,,",,,,
Freres Lumber Co Inc,(503) 859 2121,",,,,,,,,,",,,,
Freudenberg,(706) 865 1665,",,,,,,,,,",,,,
Frid and Russell Co Ltd,(905) 332 0323,",,,,,,,,,",,,,
Friesens Corporation,(204) 324 6401,",,,,,,,,,",,,,
Frontier Bolt,(817) 477 5319,"She said she is not interested.  She runs the operation and said that we have not used their software or investigated ERP?,Cheris can be reached at 254-773-1771.  Not available.,,Cheris Knight cheris@frontierbolt.com manager https://www.linkedin.com/in/cheris-adcock-knight-57419359/,,,,,,",,,,
Fulham,(323) 779 2980,"IT is outsourced there is no one to talk to.,,,,,,,,,",,,,
FUTEK Advanced Sensor Technology Inc,(949) 465 0900,",Siamak Fallahi fallahi@futek.com,,,,,,,,",,,,
G Klemm Roofing Co,(630) 232 9010,",,,,,,,,,",,,,
GAF Fiber Glass,(973) 628 3000,",,,,,,,,,",,,,
Gainesville Mechanical Inc,(770) 532 9130,",,,,,,,,,",,,,
Gaither Petroleum Corporation,(281) 994 5400,",CEO Duane.Gaither@gpcoil.co,,,,,,,,",,,,
GAL Canada,(888) 425 2262,",,,,,,,,,",,,,
Galgas Russell Weber LLP,(818) 444 6700,",,,,,,,,,",,,,
Gamma Technologies,(630) 325 5848,",,,,,,,,,",,,,
Gandy Ink,(800) 999 8137,"Not at his desk,Chris Martin the IT Manager is not in his office,,,,,,,,",,,,
Garmin Ltd,(913) 397 8200,",,,,,,,,,",,,,
Gates Corporation,(303) 744 1911,",,,,,,,,,",,,,
Gearhead Production Rentals,(503) 542 3990,"All IT matters are outsourced.,Receptionist and staff are not at their desk,,,,,,,,",,,,
Gedney Foods Company,(952) 448 2612,",,,,,,,,,",,,,
Gemaire Distributors,(954) 246 2665,",,,,,,,,,",,,,
General Dynamics Information Technology,(800) 242 0230,",know Wally - Dean Banes Manager edward.banes@gdit.com, bronson.armstrong@gdit.com IT, russell.gilbertson@gdit.com,GDIT,,,,,,,",,,,
General Electric Company,(203) 373 2211,",,,Wally met Sep16 at Pipe&Tube show in Charlotte jeff.stetson@ge.com GE Inspection Technologies LLC & frank.joy@ge.com GE/Global Nuclear Fuel,,,,,,",,,,
General Mills Inc,(763) 764 7600,",,,,,,,,,",,,,
Genuine Parts Company,(770) 953 1700,"receptionist switched me to a fax machine,,IP checks out as correct!,check RSS hitsfelix@feltrade.ch	Felix	Ortner	Feltrade AGruss@gammatool.com	Russ	Otto	GAMMATOOL, LLC,dist--rick,,,,,",,,,
Gesco Industries Inc,(604) 520 6660,",,,,,,,,,",,,,
GHX Industrial LLC,(713) 222 2231,",Richard Harrison rharrison@ghxinc.com was on invite list to Houston Roadshow but has NOT registered - please call!,,,,,,,,",,,,
Gilead Sciences Inc,(800) 445 3235,"not available,,,,,,,,,",,,,
Givens Transportation Inc,(757) 233 4300,",know someone here? they're all about searching for you ...Missy,these are ALL visitors who have hit Distribution and eCommerce pages,,,,,,,",,,,
Gladstein Neandross & Associates,(310) 314 1934,",Erik Neandross CEO, Cliff Gladstein president (may know our customer Blair Signs),,,,,,,,",,,,
Glastender Inc,(800) 748 0423,",,,,,,,,,",,,,
Glatfelter Inc,(717) 225 4711,",,,,,,,,,",,,,
Globus Medical,(610) 930 1800,",Anthony Williams President, Daniel Scavilla CFO, Daniel Paul VP QA/IT,,,,,,,,",,,,
Glory Global Solutions Inc,(800) 527 2638,",,,,,,,,,",,,,
GM Wood Products,(231) 303 5017,",,,,,,,,,",,,,
Grain Belt Supply Co Inc,(800) 447 0522,",,,,,,,,,",,,,
Grant Thornton LLP,(630) 873 2500,",kevin.surovcik@us.gt.com managing director (may be diff location),,,,,,,,",,,,
Granwell Products Inc,(973) 403 0080,",Jimmy Shee owner,,,,,,,,",,,,
Graphics That Pop,(972) 905 3523,",,,,,,,,,",,,,
Grassi & Co,(516) 256 3500,",this appointment should be made w/Danielle,Kevin Meyer from VAR list kmeyer@grassicpas.com,,,,,,,",,,,
Graves Menu Maker Foods,(573) 893 3000,",,,,,,,,,",,,,
Gray Metal Products Inc,(585) 226 8660,",,,,,,,,,",,,,
Great Southwestern Construction Inc,(800) 438 0790,"He is not at his desk,Randy Johnson is the IT Manager,,,,,,,,",,,,
Greenlight Innovation,(604) 676 4000,",,,,,,,,,",,,,
Greenspun Media Group,(702) 990 2550,",,,,,,,,,",,,,
Gregory Poole Equipment Company,(919) 828 0641,",,,,,,,,,",,,,
Grey B. Roberts & Co CPA,(209) 383 2442,",hitting pre-key version of free PostBooks - let's help them upgrade!,,,,,,,,",,,,
Greydon Inc,(717) 848 3875,",,,,,,,,,",,,,
Griffin Dewatering Corportation,(800) 423 3959,"local to us; David Singleton CEO,,,,,,,,,",,,,
Griffin Products Inc,(903) 873 6388,"There was no answer,They told me to cb tomorrow he is not in right now.,,Vernon Griffin,,,,,,",,,,
GSCS,(972) 401 4727,",,,,,,,,,",,,,
GST Manufacturing Ltd,(817) 520 2320,",invite to https://xtuple.com/roadshow-houston,Sharrian Lamberth, President slamberth@gstmanufacturing.com; George Lamberth CEO glamberth@gstmanufacturing.com; Tonya Thornton Controller tthornton@gstmanufacturing.com; Daniel Gray CFO dgray@gstmanufacturing.com,,,,,,,",,,,
Gypsum Management and Supply Inc,(336) 661 0193,",,,,,,,,,",,,,
Habegger's Ace Lumber & Building Supply,(260) 589 2165,"Epicore is what we are using for ERP.  It interfaces with ACE Hardware and corporate is not going to change.  I was interested in Xtuple for myself and a side business.  I use the free version and my revenue is a hobby I am nowhere near 20,000.  Thank you for calling me .  I spoke to Paul Kahlert and his company where he works wont change.  He is the IT Administrator.  He wanted Xtuple for himself but he is a one man show.,,Paul Kahlert paul@pawdell.com,DIST - Cam,,,,,,",,,,
Halff Smarter Solutions,(214) 572 2272,",,,,,,,,,",,,,
Harbor Compounding,(949) 642 0106,",,,,,,,,,",,,,
Hardy Machine Inc,(215) 822 9359,",William Hardy president,,,,,,,,",,,,
Hartman Technica,(403) 230 1987,",,,,,,,,,",,,,
Harvard Bioscience,(800) 232 2380,",George Uveges guveges@harvardbioscience.com,,,,,,,,",,,,
Haskell Jewels LLC,(201) 330 9205,"Brian is the IT person he is not at his desk.,,,,,,,,,",,,,
HBP,(716) 592 5000,",,,,,,,,,",,,,
HC Foods Co Ltd,(323) 722 8648,",Anthony Sher co-owner,,,,,,,,",,,,
Hedstrom Entertainment,(800) 765 9665,"too many prompts none listing IT will revisit this one later there is a lot of digging to do,,no record of this company using PostBooks¬ but looking at what to do if key expires,,,,,,,",,,,
Helwig Carbon Products. Inc,(800) 962 4851,",,,,,,,,,",,,,
Heys_International_Ltd,(905) 564 7245,",,,,,,,,,",,,,
Hi-Tech Manufacturing LLC,(847) 678 1616,",,,,,,,,,",,,,
Hickey Freeman,(844) 755 7344,",,,,,,,,,",,,,
Hickory Brands Inc,(800) 438 5777,",,,,,,,,,",,,,
Hoffer Flow Controls Inc,(800) 628 4584,",,,,,,,,,",,,,
Holden Industries Inc,(800) 488 4487,",Guessed Galen's email and got it! galen@holdentrailers.com. Emailed today. Left voicemail on Friday. Will try again later this week.,I have a Greg Hamilton but he's based out of Chicago as are the other Holden Industries employees. Looking for a Missouri Contact if possible. https://www.linkedin.com/in/greg-hamilton-83a47816Thanks!-Cam,Galen Eads, Site Manager,,,,,,",,,,
Holthouse Carlin and Van Trigt LLP,(714) 361 7600,",partner prospect?,,,,,,,,",,,,
Home Access Health Corporation,(800) 448 8378,",,,,,,,,,",,,,
Honeywell International Inc,(973) 455 2000,",marked as Active Pipeline, possible connection to MasterAdmins opportunity,,,,,,,,",,,,
Hoosier Racing Tire Corp,(217) 522 1955,",MFG -- rick,,,,,,,,",,,,
Horn Machine Tools Inc,(559) 431 4131,",Kent Horn Pres; Max Arias Dir MFG,,,,,,,,",,,,
Howard University,(202) 806 6100,"Cant get through prompts done give a name and receptionist is not available,,anupam.kumar@howard.edu Asst Prof Supply Chain Mgr -using in classroom?,,,,,,,",,,,
Hub Pen Company,(800) 388 2323,",,,,,,,,,",,,,
Hughes Circuits Inc,(760) 744 0300,",,,,,,,,,",,,,
Hydrite Chemical Company,(262) 792 1450,"They already have ERP Software and he said he is not interested and he doesnt know why anyone would have visited our site,,,,,,,,,",,,,
Hysitron,(952) 835 6366,",,,,,,,,,",,,,
I-Tech Technology Consulting,(832) 563 6357,",Dianna Jonns Operations info@i-techc.com,,,,,,,,",,,,
ICON Health & Fitness Inc,(435) 750 5000,",MFG--rick,,,,,,,,",,,,
IDERA Inc,(713) 523 4433,",Randy CEO randall.jacops@bbstek.com also reps SAP, PeopleSoft,,,,,,,,",,,,
Idilia Inc,(514) 843 6897,"number cant receive incoming calls,,old PostBooks version - no key listed in df,cdcookjr@gmail.com Christopher Cook Jr via /contact form,using a pre-license key version of PostBooks and they're looking for support and have contacted us in some way based on hit,,,,,",,,,
Idlewood Electric Supply Inc,(847) 831 3600,",,,,,,,,,",,,,
Illinois Tool Works Inc,(847) 724 7500,",,,,,,,,,",,,,
Illumina,(858) 202 4500,",,,,,,,,,",,,,
Illumiti,(905) 737 1066,",duplicate visitor - see Illumiti,,,,,,,,",,,,
Inchcape Shipping Services Inc,(713) 684 1714,"paul.watson@iss-shipping.com IT 757-547-6556,$10B/year in revenue. Too big to pursue.,,PostBooks missy,,,,,,",,,,
Industrial and Residential Lighting Supply Inc,(800) 759 4823,",,,,,,,,,",,,,
Industrial Engraving,(920) 865 7205,"cant get through,Called and connection wont stick try again later,,,,,,,,",,,,
Industrios Software,(905) 829 2525,"He is not in the office I called to see if he is interested in becoming a partner,,,Renato DeGasperis renato@industrios.com owner,,,,,,,",,,,
Ingredion Incorporated,(708) 551 2600,",,,,,,,,,",,,,
Insignia,(800) 874 4648,",,,,,,,,,",,,,
Insource Performance Solutions LLC,(877) 260 7754,",,,,,,,,,",,,,
Integrated Microwave Technologies,(908) 852 3700,",found us searching for low cost full featured erpMissy,,,,,,,,",,,,
Inter Pipeline,(403) 290 6000,",,,,,,,,,",,,,
International Digital Systems Inc,(877) 437 1122,",,,,,,,,,",,,,
International Electric Rigs Ltd,(780) 439 2066,",,,,,,,,,",,,,
International Monetary Fund,(202) 623 7000,",economic dev in 95% of the world! multi-currency, multi-lingual ERP - IMF Procurement at (202) 623-4895,,,,,,,,",,,,
International Tool Corporation,(954) 792 4403,",,,,,,,,,",,,,
Intralin Corporation,(410) 362 4010,"Srinivas Anne - Head of Technology........he is just looking around right now doesnt want to talk to anyone we will be ready in a year or two cb in a year,,,,,,,,,",,,,
Invacare,(800) 333 6900,",,,,,,,,,",,,,
Inventure_Foods Inc,(623) 932 6200,",FOOD, using old pre-key PostBooks,,,,,,,,",,,,
Ippolita,(212) 868 3808,",,,,,,,,,",,,,
Ippolito Inc,(905) 631 7700,",,,,,,,,,",,,,
iRhythm,(415) 632 5700,"No answer,,,,,,,,,",,,,
Iserve Inc,(905) 709 1130,"no contact info via PostBooks use,,,,,,,,,",,,,
IT Innards Corporation,(301) 515 1097,"Not interested,,,,,,,,,",,,,
Ivy Computer Inc,(800) 262 4489,",George Pierce, owner - partner prospect - make appointment w/ xTuple's Danielle,,,,,,,,",,,,
J D Rush Company Inc,(800) 537 6284,"He said he was not interested and hung up,Julian is away from his desk.,He is away from his desk Julian that is.,Julian (head of IT) is away from his desk right now.,,They do not have a purchasing dept they DO have an IT Dept and he is at lunch right now his name is Julian and he is the one to speak to regarding ERP they are a manufacturer of  pipe fittings.,,,,",,,,
J Morita USA Inc,(800) 831 3222,",,,,,,,,,",,,,
J.S. Fleming and Associates Inc,(508) 460 0904,",,,,,,,,,",,,,
Jacobi Fruits,(305) 487 7785,",,,,,,,,,",,,,
Jada Windows,(530) 265 5354,",David Elsworth Purchasing, Aaron Beyer GM,,,,,,,,",,,,
James Farrell & Co,(206) 623 1993,"not available no answer,No answer,He is not at his desk they switched me and the phone keeps ringing,,kevinh@jfarrell.com Kevin Hutchins - Had looked at software - want to revisit?,,,,,",,,,
James G Staat Tuckpointing & Waterproofing,(314) 743 0669,",Jim Staat president jim@staatinc.com appears to know our customer EMSEAL,,,,,,,,",,,,
Jasper Rafting,(888) 241 2129,",http://www.jasperrafting.com,,,,,,,,",,,,
Java City,(877) 528 2289,"This is strictly a customer care phone no have to find another number to get to the contacts,,Billy Giampetruzzi bgiampetruzzi@javacity.com Craig Hettrich chettrich@javacity.com Tom Weborg tweborg@javacity.com,,,,,,,",,,,
Jbc Corporation,(757) 306 1250,"Corbin is not interested in an upgrade.,Corbin Cavolt is not at his desk.,Office is currently closed,,Janice Cavolt president jcavolt@jbccorp.com Gary Granger Production ggranger@jbccorp.com Corbin Cavolt IT Mgr jbcadmin@jbccorp.com (local to xTuple!),,,,,",,,,
Jenkins Electric Company,(800) 438 3003,",mfgmissy,,,,,,,,",,,,
Jensen Precast,(909) 357 7264,"Voice mail said he is tied up in meetings all day,His VM came on he is off site today.,,jfriedman@jensenprecast.com Jeff Friedman, COO775-352-6337 - downloaded our e-book on eCommerce for MFG,,,,,,",,,,
Jensen Precast,(775) 352 2700,",Reached out to Jeff, left voicemail and emailed.,Jeff Friedman, COO775-352-6337jfriedman@jensenprecast.comhereÍs some other contacts, too:http://www.jensenprecast.com/Corporate-b20/,find contact info,,,,,,",,,,
Jerhel Plastics,(201) 436 6662,",mfg i think--rick,,,,,,,,",,,,
JL Clark,(815) 962 8861,",,,,,,,,,",,,,
John T Chipman and Company LLP,(781) 762 6272,",,,,,,,,,",,,,
Juicero,(415) 822 6000,",Kai Chow (IT Mgr),,,,,,,,",,,,
Jungle Jim's Accessory Products Inc,(502) 244 7934,",,,,,,,,,",,,,
JVL Laboratories,(334) 448 1568,",Caleb Walls Controller; Pharma contract mfger; website o-o-o http://www.jvllabs.com,,,,,,,,",,,,
K-Tube Technologies,(800) 394 0058,",Terry McCune CFO or Greg May president,,,,,,,,",,,,
Kaiser Comm Inc,(877) 625 7286,",,,,,,,,,",,,,
Kalamazoo Steel Processing,(269) 344 9778,",Darren Draves President,,,,,,,,",,,,
Kasper Holdings,(330) 451 5000,"Not available nobody answered,He just went in with a guest he is not available.,Not available right now Chadd Kasper,,Eric Kasper, President (formally Mr. Watch) erick@mrwatch.com 330-412-3742Chadd Kasper, Controller chadd@kasperholdings.com 330-315-3497,pre-key PB,,,,",,,,
Kecy Corporation,(517) 448 8954,",,,,,,,,,",,,,
Kerr Lakeside Inc,(800) 487 5377,",,,,,,,,,",,,,
Kesmac Inc,(905) 476 6222,",,,,,,,,,",,,,
KeyPoint Partners LLC,(781) 273 5555,",who is this?,using free 1-user key; no record in df,,,,,,,",,,,
Kiewit,(503) 256 5541,",,,,,,,,,",,,,
KimCo Design & Manufacturing,(208) 322 0500,",Ralph Edington it@kimballinc.com 208-947-0018 Kimball Electronics,FT signup Kimball Electronics,,,,,,,",,,,
Kinetica Partners LLC,(713) 228 3347,",diane.dundee@kineticallc.com CEO ext. 402,,,,,,,,",,,,
Kinross Gold Corporation,(416) 365 5123,",,,,,,,,,",,,,
KJ Tax & Accounting,(262) 514 3800,",,,,,,,,,",,,,
Knight Electronics Inc,(800) 323 2439,",,,,,,,,,",,,,
Koetter Woodworking Inc,(812) 923 8875,",,,,,,,,,",,,,
Kroll International LLC,(586) 739 9200,",,,,,,,,,",,,,
Kuraray America Inc,(800) 423 9762,"KATHY.BOEHM@KURARAY.COM plant manager,,,,,,,,,",,,,
Lakin Tire West Inc,(562) 802 2752,",,,,,,,,,",,,,
Lam Research Corporation,(510) 572 0200,",,,,,,,,,",,,,
Law Bulletin Publishing Company,(312) 644 7800,"IT Mg not back until May 23rd,,,,,,,,,",,,,
Lbrands,(614) 415 7000,",,,,,,,,,",,,,
LDR Holding Corporation,(512) 344 3333,",,,,,,,,,",,,,
Lee Valley Tools Ltd,(613) 596 0350,",,,,,,,,,",,,,
Lenovo,(855) 253 6686,",,,,,,,,,",,,,
LGS Innovations,(303) 920 6734,",,,,,,,,,",,,,
Limoges Jewelry,(312) 226 9500,",,,,,,,,,",,,,
Lincoln Composites,(800) 279 8265,",,,,,,,,,",,,,
Lincoln International,(312) 580 8339,",""Interested in learning more about capabilities for consumer goods companies (manufacturers and retailers)"" - definitely needs to talk to Wally for 15 minutes,ggorenstein@lincolninternational.com asked question via Contact Form - did you ever connect? if not, I can assign to LEADGEN,,,,,,,",,,,
Lincoln Machine Inc,(402) 434 9140,",,,,,,,,,",,,,
Lindemann Chimney Co,(847) 984 0056,",,,,,,,,,",,,,
Link Product Solutions,(416) 637 2180,",Stephen Bloomberg https://ca.linkedin.com/in/stephen-bloomberg-656945bthey need eComm!,Stephen Bloomberg https://ca.linkedin.com/in/stephen-bloomberg-656945b,,,,,,,",,,,
Lippert Components,(208) 466 8481,"JASON LIPPERT CEO,,They look to be an online company there are no contacts and further investigation needs to be done.,,,,,,,",,,,
Lodgen Lacher Golditch Sardi Saunders & Howard LLP,(818) 783 0570,",legit? or should I check IP?,,,,,,,,",,,,
Logistic Edge LLC,(888) 305 3343,",,,,,,,,,",,,,
Lorman,(866) 352 9539,"similar to customer ASSET? Lynda-like?,,,,,,,,,",,,,
Louisiana Cat,(225) 644 3466,",Cory Calcagno IT,,,,,,,,",,,,
Lumen Division de Sonepar Canada Inc,(514) 426 9249,",,,,,,,,,",,,,
Luminix,(312) 243 9380,",,,,,,,,,",,,,
Luxcraft Cabinets,(862) 377 0600,",QBmissy,,,,,,,,",,,,
LYNX INDUSTRIES INC,(514) 866 1068,",Martin Ren - from Macworld 2007,,,,,,,,",,,,
M S I Bureautique Inc,(450) 971 4072,"NA,,Domini Russell, Owner - computer shop using PostBooks - we have no such record - confirmed company by LF,check IP, website,,,,,,",,,,
M-Tek Inc,(931) 728 4122,",,,,,,,,,",,,,
M&M Lighting,(713) 667 5611,",ricardomendez@me.com (in dogfood) invite to Houston roadshow,,,,,,,,",,,,
Mac Process,(816) 891 9300,",mfg,,,,,,,,",,,,
MacAmerica Professional Services,(713) 365 3105,",Carlos Gonzalez info@techonecentre.com 832-466-3236,mac store in Houston - pretty active searchingmissy,these are ALL visitors who have hit Distribution and eCommerce pages,,,,,,",,,,
Machine Management,(707) 775 9792,",,,,,,,,,",,,,
Mad Old Nut Productions Inc,(323) 203 1193,",interested in MRP and came across Mike's xTupleU vid https://xtuple.com/content/running-mrp,,,,,,,,",,,,
Magna International Inc,(905) 726 2462,",,,,,,,,,",,,,
Magnan Graizzaro & Associates CPAs LLC,(617) 482 5755,",,,,,,,,,",,,,
Magpro LLC,(731) 584 3121,"IT is not in right now left a msg with the receptionist,,,,,,,,,",,,,
Majestic Kitchen & Bath Creations,(919) 865 5150,",,,,,,,,,",,,,
March Manufacturing Inc,(847) 729 5300,",Fred Zimmermann, PresidentPhone: 847-729-5300, Fax: 847-729-7062Email: mailto:fzimmermann@marchpump.com,,,,,,,,",,,,
Marchon Eyewear Inc,(800) 645 1300,",,,,,,,,,",,,,
Marena Group Inc,(888) 462 7362,",,IT/Operations, 770-822-6925 ext 115, alex.knezevic@marenagroup.com,,,,,,,",,,,
Maretron Llp,(602)861 1707,",Jeff Ingelse VP Mfg,,,,,,,,",,,,
Marion Plywood Corporation,(715) 754 5231,",from their website:mike.burkart@marionplywood.com,,,,,,,,",,,,
Maryland Computer Service Inc,(240) 200 5281,",,,,,,,,,",,,,
Master Chimney Sweepers Inc,(800) 696 2446,",,,,,,,,,",,,,
Material Handling Systems Inc,(502) 636 0690,"Not available,,Jeff Sapp Purchasing Mgr, Greg Judge President,Donna Prieto CFOdonna@mhscrane.com	+1.954.921.1171Dania FL 33004-3804,,,,,,",,,,
Matichuk Equipment,(780) 826 2535,",Auto Parts Store https://www.facebook.com/Matichuk-Equipment-318083914981324/,,,,,,,,",,,,
MaxLite,(973) 244 7300,",,,,,,,,,",,,,
MCP Computers Inc,(714) 777 0193,"Not int in selling or purchasing ERP,Called and the answering machine came on no receptionist,,Steve Andrews steve@mcpcomputers.com SysAdmin,,,,,,",,,,
Meadows Concrete Construction Inc,(303) 430 1353,",,,,,,,,,",,,,
Measurement & Controls Ltd,(403) 256 8965,",did not complete free demo signup,,,,,,,,",,,,
MEC,(616) 878 3324,",,,,,,,,,",,,,
Mechanical Room Inc,(866) 632 7666,",,,,,,,,,",,,,
Mecho Shades System,(732) 339 9314,",,,,,,,,,",,,,
Medolac Laboratories,(866) 599 7740,",https://www.linkedin.com/in/elenamedo Elena Medo CEO (small co <50 emps),,,,,,,,",,,,
Medsafe,(800) 330 9240,",Burk Shaw President burk_shaw@gosafe.com,,,,,,,,",,,,
Medtronic,(978) 777 0042,",,,,,,,,,",,,,
Medtronic,(508) 261 8000,",,,,,,,,,",,,,
Medventure Technology Corporation,(812) 280 2400,"Neither one of them are at their desk.,Neither one is at their desk President or Joy S,Mitch is not at his desk (President)....,Mitch Moeller President < call him!,,Joy Scherer in Purchasing was not at her desk and I called two other managers and they were not available this is MANUFACTURING of medical devices will try back tomorrow.,,,,",,,,
MegasolUSA Inc,(800) 285 4647,"Eros personal lubricants fit in our XXX vertical,Rafi Maman Owner - good candidate for eCommerce,,,,,,,,",,,,
Mel-Kay Electric Co Inc,(812) 423 1128,",,,,,,,,,",,,,
Melloul-Blamey Construction Inc,(519) 886 8850,",richard.bourque@computer-logix.com,,,,,,,,",,,,
Merchants Foodservice,(601) 583 4351,",,,,,,,,,",,,,
Merlin Industries Inc,(609) 807 1000,",,,,,,,,,",,,,
Messer Construction Co,(513) 242 1541,",,,,,,,,,",,,,
Metalite Manufacturing Company,(818) 890 2802,",Spoke with the General Manger Leonard. They're all on MAC! but not looking for anything. Running a custom solution with FileMaker as the DB.,,,,,,,,",,,,
Metropolitan Medical Services of NC Inc,(800) 482 6537,",Jeff Rhinehart president j.rhinehart@metropolitanmed.com,,,,,,,,",,,,
Metuchen Capacitors Incorporated,(800) 899 6969,",,,,,,,,,",,,,
Mevotech,(416) 783 7800,",,,,,,,,,",,,,
MicroAge,(905) 264 8520,",Justin Brady j.brady@microage.com,,,,,,,,",,,,
MicroNet Technology,(310) 320 7272,",,,,,,,,,",,,,
Micros Retail Systems Inc,(201) 866 1000,",,,,,,,,,",,,,
Micross Components Inc,(407) 298 7100,",,,,,,,,,",,,,
Microwave Networks Incorporated,(888) 225 6429,",Previous opportunity via Partner Larry Cartee, closed as no-deal 6/16 - Greg Fuller (Security Analyst) & Rob Austin (CFO) - other contacts setup in LEAD MANAGER,,,,,,,,",,,,
Midcon Feeders LLC,Midcon Feeders LLC,"not available.,,Jay Dekkers Owner,,,,,,,",,,,
Middlebury Sports & Apparel,Middlebury Sports & Apparel,"could definitely benefit from xTupleCommerce,,https://www.linkedin.com/in/sharyn-stevens-5a46241a/ owner,,,,,,,",,,,
Midsouth Pest Control Services LLC,Midsouth Pest Control Services LLC,"not our sweet spot but they could use eCommerce!,,,,,,,,,",,,,
Milacron,Milacron,",,,,,,,,,",,,,
Milan Supply Chain Solutions,Milan Supply Chain Solutions,",Tony Gambrell IT Director - looking to get off QuickBooks,,,,,,,,",,,,
Millard DesLauriers & Shoemaker LLP,Millard DesLauriers & Shoemaker LLP,",,,,,,,,,",,,,
Miller Cooper & Co Ltd,Miller Cooper & Co Ltd,",,,,,,,,,",,,,
Miller Technology Inc,Miller Technology Inc,",Kent Miller, owner/president,,,,,,,,",,,,
Minnesota State Colleges and Universities,Minnesota State Colleges and Universities,"Phone just rang,,abdirizak1@hotmail.com iT Manager (Metrostate.edu?) 651-428-9990,worth a call - they're testing w/FT & looking at Q4 promo,,,,,,",,,,
MIRATEK Corporation,MIRATEK Corporation,"Joe Diaz President 915.772.2852 jdiaz@miratek.us,,http://miratek.us/?page_id=128 Contacts,,,,,,,",,,,
Mirion Technologies (IST) Corporation,Mirion Technologies (IST) Corporation,",aulrich@mirion.com Alison Ulrich,,,,,,,,",,,,
MISA Metal Processing Inc,MISA Metal Processing Inc,",,,,,,,,,",,,,
MisterArt.com,MisterArt.com,"Marc Alder President marc@misterart.com 713-535-1202,,,,,,,,,",,,,
MNP LLP,MNP LLP,",same company, multiple locations visiting the website,,,,,,,,",,,,
Mnp LLP,Mnp LLP,",make appointment w/xTuple's Danielle Kerner,,,,,,,,",,,,
Mobile Track Solutions,Mobile Track Solutions,",,,,,,,,,",,,,
Modern Drywall Inc,Modern Drywall Inc,"Ron Mickelson, President ron@moderndrywall.com,,,,,,,,,",,,,
Molecular Epidemiology Inc,Molecular Epidemiology Inc,",,,,,,,,,",,,,
Moniteur Devices Inc,Moniteur Devices Inc,",John Aunoski jau@moniteurdevices.com 20 to 50 emperor $1-5M,,,,,,,,",,,,
Montel Inc,Montel Inc,",,,,,,,,,",,,,
Montgomery Coscia Greilich LLP,Montgomery Coscia Greilich LLP,",,,,,,,,,",,,,
MOR Printing Inc,MOR Printing Inc,",Owen Luttinger president, Joe Hood VP ops, Eric Carbone IT,,,,,,,,",,,,
Morgan Schaffer,Morgan Schaffer,",Patrice Gervais VP Finance https://www.linkedin.com/in/patrice-gervais-cpa-ca-b909a411/en,,,,,,,,",,,,
Moss Precision Inc,Moss Precision Inc,"Mike Aviles is the IT Manager not at his desk,,,,,,,,,",,,,
Motorola Solutions Inc,Motorola Solutions Inc,",,,,,,,,,",,,,
MotorWorld Pre-Owned,MotorWorld Pre-Owned,",,,,,,,,,",,,,
Mound Printing Company Inc,Mound Printing Company Inc,",,,,,,,,,",,,,
Mr Heater,Mr Heater,",Carl Meermans VP Ops,,,,,,,,",,,,
MRB & Associ_s,MRB & Associ_s,",,,,,,,,,",,,,
MS Willett Inc,MS Willett Inc,",,,,,,,,,",,,,
MTek,MTek,",Portland area partner lead?missy,,,,,,,,",,,,
Multi Medical Systems,Multi Medical Systems,"They are not at their desk right now,they are at lunch right now I left a msg,,,,,,,,",,,,
Multicraft Inc,Multicraft Inc,",testing PostBooks-no company info in our db,,,,,,,,",,,,
Multimatic Inc,Multimatic Inc,",looks like mfg -- rick,these are ALL visitors who have hit Distribution and eCommerce pages,,,,,,,",,,,
Murphy Industrial Products,Murphy Industrial Products,"NA,,Tim Murphy owner TMurphy@murphyindustrialproducts.comAaron Curtis Gmornin invite to Houston 5/12 event https://xtuple.com/join-us-2017-xtuple-roadshow,,,,,,,",,,,
Musco Sports Lighting LLC,Musco Sports Lighting LLC,"Dan Allman is not the right person he is in sales and he said he doesnt know how we got his name he said to try the IT dept he was a little upset.,Dan Allman is not at his desk I left a voice mail...for him.,,Dan Allman dallman@musco.com, david.barker@musco.com, joe.crookam@musco.com, Janet Edwards jedwards@musco.com, todd.humphery@musco.com,,,,,,",,,,
Mutual Industries Inc,Mutual Industries Inc,",John Paluba jpaluba@mutualindustries.com Ops Director,Distribution,,,,,,,",,,,
Myers Industries Inc,Myers Industries Inc,"Sontel IT Manager is away from his desk,,,,,,,,,",,,,
NA Trading and Technology,NA Trading and Technology,",,,,,,,,,",,,,
Nastra Automotive Industries Inc,Nastra Automotive Industries Inc,"Rob is not in the office today his email on recording is rob@nastra.com,Rob is the person to talk to he is not in right now.   I asked for IT and they gave me his name.,hitting pre-key version of PostBooks¬ - no record of this company,,Welcome Page hit - but no record in df? how would you handle this?missy,,,,,",,,,
National Environmental Products Ltd,National Environmental Products Ltd,",,,,,,,,,",,,,
National Power Corporation,National Power Corporation,",,,,,,,,,",,,,
National Steel Car,National Steel Car,",Andres Gabrielli (Mgr Software Dev) Milan Popovic (IT Mgr) Vince De Luca (CFO),,,,,,,,",,,,
Nefab Packaging Inc USA ,Nefab Packaging Inc USA ,",,,,,,,,,",,,,
NEOTech,NEOTech,",,,,,,,,,",,,,
Neptec Design Group,Neptec Design Group,",,,,,,,,,",,,,
Net Shaped Solutions,Net Shaped Solutions,",,,,,,,,,",,,,
Network Alliance,Network Alliance,",QuickBooks partner,,,,,,,,",,,,
Network International Inc,Network International Inc,",,,,,,,,,",,,,
New Electric,New Electric,",,,,,,,,,",,,,
New Era Portfolio,New Era Portfolio,",,,,,,,,,",,,,
New Leaf Biofuel,New Leaf Biofuel,",,,,,,,,,",,,,
NewPort Tank Containers (USA) LLC,NewPort Tank Containers (USA) LLC,",,,,,,,,,",,,,
Nexcore Technology Inc,Nexcore Technology Inc,",Milton Frank, founder & CEO,,,,,,,,",,,,
NextGen Aeronautics,NextGen Aeronautics,"Talked to the head of IT Mike and he said they are not actively looking for any ERP software right now...he said cb in six months or a year to see if anything has changed.,,Jay Kudva CEO -mfg  actively looking at our software,,,,,,,",,,,
NextStep Technology Advisors LLC,NextStep Technology Advisors LLC,"Tax time too busy front desk said,not available,,brett.leveille@nextstepcorp.com,,,,,,",,,,
NGK-Locke Inc,NGK-Locke Inc,"Alex Badertscher Baltimore,,Kevin Edmonds is engineering mgr http://www.ngk-polymer.com, local in Virginia Beach - their HQ website is in dire need,,,,,,,",,,,
Nichols Accounting,Nichols Accounting,",David C. Nichols http://nicholsaccounting.net,hitting commercial 4.7?,,,,,,,",,,,
Northwest Construction Inc,Northwest Construction Inc,"Not big enough and users mailbox is full,,,,,,,,,",,,,
Northwest Wholesale Inc,Northwest Wholesale Inc,",these are ALL visitors who have hit Distribution and eCommerce pages,,,,,,,,",,,,
Nostrum Laboratories Inc,Nostrum Laboratories Inc,",,,,,,,,,",,,,
Notations,Notations,",,,,,,,,,",,,,
Nucor,Nucor,",,,,,,,,,",,,,
NuWave LLC,NuWave LLC,",GM James Moon https://www.linkedin.com/in/jameskmoonOps Mgr James Ahnhttps://www.facebook.com/NuWaveNow/photosIT is Gil L. They make ALSET LED Lighting https://www.linkedin.com/company/6629093GM Cindy Thomas https://www.linkedin.com/in/cindy-thomas-66902622,I'd like to call the NuWave peoples. Thanks! - Cam,mfg i believe, rick,,,,,,",,,,
O'Neal Steel Inc,O'Neal Steel Inc,"NA,,,,,,,,,",,,,
Oliver,Oliver,",,,,,,,,,",,,,
Omron,Omron,",,,,,,,,,",,,,
Ontrac Equipment Services Inc,Ontrac Equipment Services Inc,",,,,,,,,,",,,,
Orion Energy Systems Inc,Orion Energy Systems Inc,",,,,,,,,,",,,,
Osisko Gold Royalties Ltd,Osisko Gold Royalties Ltd,"Not available,,,,,,,,,",,,,
P & W Machine Works,P & W Machine Works,",,,,,,,,,",,,,
Pacific Handy Cutter Inc,Pacific Handy Cutter Inc,",Mark Marinovich CEO,,,,,,,,",,,,
Pacific International Marketing,Pacific International Marketing,",like Boskovich-existing customer; Tom Russell president/founder died 1/31/17, David Black COO,,,,,,,,",,,,
Pacifica Trucks LLC,Pacifica Trucks LLC,",,,,,,,,,",,,,
Paducah Power System,Paducah Power System,",,,,,,,,,",,,,
Paige's Music,Paige's Music,",,,,,,,,,",,,,
Panasonic Avionics Corporation,Panasonic Avionics Corporation,",,,,,,,,,",,,,
Pangea Enterprises Inc,Pangea Enterprises Inc,",,,,,,,,,",,,,
Pantex Ennerflo Systems Inc,Pantex Ennerflo Systems Inc,"Randy	Rejona General Manager rrejona@pantexennerflo.com 281.249.8283,add to Houston target list!,add to Houston target list!,,invite to 5/12 Houston event - https://xtuple.com/join-us-2017-xtuple-roadshow,,,,,",,,,
PanurgyOEM,PanurgyOEM,",,,,,,,,,",,,,
Paradies,Paradies,",,,,,,,,,",,,,
Paris Art Label Company Inc,Paris Art Label Company Inc,",,,,,,,,,",,,,
Parkwood Computer Services Inc,Parkwood Computer Services Inc,",hitting pre-key PostBooks version; no contact info,,,,,,,,",,,,
PCM,PCM,",,,,,,,,,",,,,
Pe Ben USA Inc,Pe Ben USA Inc,",Dale Mykyte CEO dmykyte@pebenusa.com,,,,,,,,",,,,
Peace Products Company,Peace Products Company,",Bob Todd, CFO (Malvern PA); Judith Trimble Owner (Mobile AL),,,,,,,,",,,,
Peak Completion Technologies Inc,Peak Completion Technologies Inc,",,,,,,,,,",,,,
Pearce Group,Pearce Group,"Charlie is not in right now his ext is 103,,Charlie Walker, owner,,,,,,,",,,,
Peerless Electronics Inc,Peerless Electronics Inc,",,,,,,,,,",,,,
Pelco by Schneider Electric,Pelco by Schneider Electric,"Kirk doesnt come back until the 25th of April,Kirk is not at his desk,jose is no longer there and Kirk is not available.,,Phil Cumminc pcummins@pelco.com, Alan Jorn ajorn@pelco.com, jose.armora@pelco.com, Kirk McDaniel kmcdaniela@pelco.com,,,,,",,,,
Pepco Poms Sports,Pepco Poms Sports,",Perma Pom https://www.linkedin.com/company/566562Marc Aaronson Ops MgrBob Silva Owner sales@pepcopoms.comChris Voulgaris Plant Mgr,Lead Forensics - Spoke to the operations guy (Marc Aaronson) who, once he found out I was schleppinÍ software, found the handset cradle quickly.,This one looks really really interesting but I'm having a hard time finding a contact. Would you mind helping me with your wizardry? Thanks!,,,,,,",,,,
Perfect Plastic Printing,Perfect Plastic Printing,"He is not at his desk.,Mike Sabatini Dir of MFG,,,,,,,,",,,,
Perfect World Inc,Perfect World Inc,",SoCal Roadshow prospect!,,,,,,,,",,,,
Perry Foam Products Inc,Perry Foam Products Inc,",,,,,,,,,",,,,
Pet Gear Inc,Pet Gear Inc,"They are closed,,,,,,,,,",,,,
Piedmont Service Group,Piedmont Service Group,",,,,,,,,,",,,,
Pioneer Solutions Inc,Pioneer Solutions Inc,",Daniel Smith, owner - partner prospect? make appointment w/xTuple's Danielle,,,,,,,,",,,,
Pipeline Products Inc,Pipeline Products Inc,",Ops Chris Huelsman x103,Robert ñBobî Broussard (832) 367-3102 robert@pipelinepsc.com https://www.linkedin.com/in/bobbroussard1,Bob Broussard MGR of purchasing, shipping, accounting,,,,,,",,,,
Pitney Bowes,Pitney Bowes,",,,,,,,,,",,,,
Pivotal Investments LLC,Pivotal Investments LLC,"pre-key PostBooks but we have no record of company,,this is a legit IP - real company,,,,,,,",,,,
Plasticase Inc,Plasticase Inc,",missy,mfgmissy,,,,,,,",,,,
Pleasurecraft Engine Group,Pleasurecraft Engine Group,",Mark McKinney President mmckinney@pleasurecraft.com x104,Want a contact for this one - Cam,,,,,,,",,,,
Plexus Corp,Plexus Corp,"NA,,,,,,,,,",,,,
PMC Systems Limited,PMC Systems Limited,",John Frano president, Paul Graff VP john.frano@pmcsystems.com paul.graff@pmcsystems.com,,,,,,,,",,,,
PODS,PODS,",,,,,,,,,",,,,
Point Conception,Point Conception,",owner's brother Jeff Jung CFO,,,,,,,,",,,,
Polar Power Inc,Polar Power Inc,",RAJ MASINA - VP Ops; Arthur Sams - Pres (went to CalPoly Pomona that is using PostBooks¬ in CS class),,,,,,,,",,,,
Polo Ralph Lauren,Polo Ralph Lauren,",,,,,,,,,",,,,
Polylogical Solutions,Polylogical Solutions,"Recording said number is currently not available,,,,,,,,,",,,,
Post Glover Resistors Inc,Post Glover Resistors Inc,",,,,,,,,,",,,,
Powercon Corp,Powercon Corp,",,,,,,,,,",,,,
Praxair,Praxair,",,,,,,,,,",,,,
Precept Medical Products Inc,Precept Medical Products Inc,",Michael or Sharon Boyd president, Melissa Shealy CFO/IT,,,,,,,,",,,,
Precipart,Precipart,",,,,,,,,,",,,,
Precision Grinding Solutions,Precision Grinding Solutions,",looks like they're using free PostBooks but we don't have them in our database - they're missing out on valuable info about upgrades, etc,ISG? legit?,metal grindingmissy,,,,,,",,,,
Precision Services Group,Precision Services Group,",,,,,,,,,",,,,
Premium Tech Coating Inc,Premium Tech Coating Inc,",,,,,,,,,",,,,
Premium Windows,Premium Windows,"Carlos Landazuri CEO,,Switched to IT there was no answer,They are not available,,,,,,",,,,
Prevare LLC,Prevare LLC,",,,,,,,,,",,,,
Pride,Pride,",Mario Spina CEO,,,,,,,,",,,,
Pride Marketing & Procurement Inc,Pride Marketing & Procurement Inc,",,,,,,,,,",,,,
Primal Innovation,Primal Innovation,"Not available,,did not complete free demo signup,,,,,,,",,,,
Prime ITS,Prime ITS,",,,,,,,,,",,,,
Pro-Form Laboratories,Pro-Form Laboratories,",FOOD MFG (still you??). Powdered Nutritional Product MFG. - Cam,looks like mfg--rick,Food MFG - All you Rickster,mfg--rick,food mfgmissy,,,,",,,,
Progressive Software Solutions,Progressive Software Solutions,",,,,,,,,,",,,,
Project Consulting Group,Project Consulting Group,",make appointment w/xTuple's Danielle Kerner,Jeff Larson, Partner; Lars Ranger VPSAP, Oracle, JD Edwards, MS Dynamics AX, PeopleSoft,,,,,,,",,,,
Prometheus International Inc,Prometheus International Inc,"I called and left a msg.,,,,,,,,,",,,,
Proportion-Air ,Proportion-Air ,",,,,,,,,,",,,,
Protech Solutions Inc,Protech Solutions Inc,",,,,,,,,,",,,,
Protochips Incorporated,Protochips Incorporated,",,,,,,,,,",,,,
Province Electric Supply Ltd,Province Electric Supply Ltd,",,,,,,,,,",,,,
Provisur Technologies Inc,Provisur Technologies Inc,",,,,,,,,,",,,,
PSAV Presentation Services,PSAV Presentation Services,",using pre-key PostBooks version - no records,,,,,,,,",,,,
PSiSC,PSiSC,",,,,,,,,,",,,,
Putzmeister America Inc,Putzmeister America Inc,"invite to 5/12 https://xtuple.com/roadshow-houston,,Peter Mendel mendelp@putzam.com,,,,,,,",,,,
Quala Sustainable Container Solutions,Quala Sustainable Container Solutions,"IT EXT 1231 NA,,,,,,,,,",,,,
Quality Circle Products Inc,Quality Circle Products Inc,",,,,,,,,,",,,,
Quallion,Quallion,"No receptionist the general mailbox came on.,Annabel Mendoza is QA and she is not at her desk.,Purchasing has not had a request for any ERP software so they transferred me to IT and they were not at their desk.,I tried purchasing, quality control. and there was no directory for Grant Farrell will try again later.,Operator is not at her desk....procurement is not at theirs....shipping and receiving not at theres and no way to reach Grant Farrell will try again in 2 hours,,Grant Farrell COO - invite to SoCal Roadshow!,,,",,,,
Quartus Engineering,Quartus Engineering,"Ken Paulson is na,Recording came on there was no answer,,,,,,,,",,,,
Quest Medical Supply,Quest Medical Supply,"not available,Not available.,,Clint Courson president ccourson@questmedicalsupply.com,,,,,,",,,,
Questar,Questar,",gasmissy,,,,,,,,",,,,
R J Corman Railroad Group,R J Corman Railroad Group,",,,,,,,,,",,,,
R J Liebe Athletic Lettering Company,R J Liebe Athletic Lettering Company,",,,,,,,,,",,,,
R&R Packaging Inc,R&R Packaging Inc,",,,,,,,,,",,,,
RA-LIN and Associates Inc,RA-LIN and Associates Inc,",,,,,,,,,",,,,
Rack-A-Tiers Mfg Inc,Rack-A-Tiers Mfg Inc,",looks like MFG--rick,,,,,,,,",,,,
Rainforest Automation Inc,Rainforest Automation Inc,"Jacque Farges is not in and they dont have a Terry Greenaway there according to the receptionist.,,Process Mgr terry.greenaway@rainforestautomation.com(604) 630-4287President jfarges@siliconvision.caJacque Farges 604-251-4852,Active Customer visitors previously assigned to Renee,PostBooks¬ customer,,,,,",,,,
Randolph and Baldwin,Randolph and Baldwin,",Luke Balchunas, Pres,,,,,,,,",,,,
Rape Abuse & Incest National Network,Rape Abuse & Incest National Network,",testing software: Naseeb Hassanzai 202-587-5350 IT Mgr naseebh@rainn.org not our sweet-spot but worth a call),,,,,,,,",,,,
Rassaun Services Inc,Rassaun Services Inc,",Todd Saunders owner,,,,,,,,",,,,
Re-Owned.com LLC,Re-Owned.com LLC,",sorely need xTupleCommerce,,,,,,,,",,,,
Rea & Associates,Rea & Associates,"He is not at his desk.,He is away from his desk,Steve is away from his desk right now,VAR prospect?,looks like they're interested in a roadshow event! (click on that link FYI before calling!),,Steve is the person who probably went to our site the receptionist transferred me (He is in charge of IT) and he is not at his desk.,,,",,,,
Reality IT Services LLC,Reality IT Services LLC,",,,,,,,,,",,,,
Reboot Inc,Reboot Inc,"appears to be customer but no contact record - who is this?,,,,,,,,,",,,,
Redglaze Group,Redglaze Group,",,,,,,,,,",,,,
Regal Plastic Supply Company,Regal Plastic Supply Company,"Not available,,,,,,,,,",,,,
ReGenerating Solutions Inc,ReGenerating Solutions Inc,",Frank Turechek owner,partner opp?--rick,,,,,,,",,,,
Regional One,Regional One,",,,,,,,,,",,,,
Reliance Steel & Aluminum Co,Reliance Steel & Aluminum Co,"Cant get through no person is there,no prompts no receptionist,Receptionist is not available.,,,,,,,",,,,
ReliAscent LLC,ReliAscent LLC,",Michael Anderson manderson@reliascent.com,,,,,,,,",,,,
Republic National Distributing Company,Republic National Distributing Company,",,,,,,,,,",,,,
ResMed,ResMed,",,,,,,,,,",,,,
Resource Data Inc,Resource Data Inc,",Doug Ruppert Branch Manager info@resdat.com,,,,,,,,",,,,
Revolution Foods,Revolution Foods,",,,,,,,,,",,,,
RICCA Chemical Company,RICCA Chemical Company,"They dont have an IT Manager and the IT dept is busy.,na,Not available,,,,,,,",,,,
Richmond Auto Parts Technology Inc,Richmond Auto Parts Technology Inc,",,,,,,,,,",,,,
Rightway Fasteners Inc,Rightway Fasteners Inc,"IT Call group message machine came on,,,,,,,,,,",,,,
Rigminder Inc,Rigminder Inc,",Greg Ward greg.ward@rigminder.com president,MFGmissy,,,,,,,",,,,
RigNet,RigNet,",Brendan Sullivan as CTO/CIO,,,,,,,,",,,,
Rimtec Corporation,Rimtec Corporation,",MFGmissy,,,,,,,,",,,,
Rix Industries,Rix Industries,",Charlotte Blackmer IT Director; Winona Conners CEO; Swan Hoang CFO; David Miloslavich Mfg Dir,,,,,,,,",,,,
RJR Polymers Inc,RJR Polymers Inc,",mfg--rick,,,,,,,,",,,,
RKO Steel Ltd,RKO Steel Ltd,",,,,,,,,,",,,,
Robert Crist And Company RV,Robert Crist And Company RV,"No answer,,,,,,,,,",,,,
Robert J Neuberger Lawyer,Robert J Neuberger Lawyer,",free PostBooks user - we'd love to know them & perhaps upgrade to a newer version,He does not fit the profile that we are looking for (10 employees ..2.5 million and above...etc,IP checks out as this company! hostname=orlcc.dynalias.net organization=xtprod PostBooks 4.9.2,I don't either but they don't need the key to run PostBooks.,,,,,",,,,
Roche,Roche,",,,,,,,,,",,,,
Rochester Colonial Manufacturing,Rochester Colonial Manufacturing,",,,,,,,,,",,,,
Rogers Corporation,Rogers Corporation,",,,,,,,,,",,,,
Rogue Valley Door,Rogue Valley Door,",,,,,,,,,",,,,
Rolenn Manufacturing,Rolenn Manufacturing,",,,,,,,,,",,,,
Rolf C. Hagen Inc,Rolf C. Hagen Inc,",,,,,,,,,",,,,
Rona,Rona,",,,,,,,,,",,,,
Rosenbloom Groupe,Rosenbloom Groupe,",demo today,,,,,,,,",,,,
Royal Pyrotechnie Inc,Royal Pyrotechnie Inc,",,,,,,,,,",,,,
RubinBrown LLP,RubinBrown LLP,",diana.knapp@rubinbrown.com partner-in-charge (on VAR list),,,,,,,,",,,,
Rural Electric,Rural Electric,",,,,,,,,,",,,,
Rusken Packaging Inc,Rusken Packaging Inc,",,,,,,,,,",,,,
Russel Metals Inc,Russel Metals Inc,",METALS DISTmissy,,,,,,,,",,,,
S and S Supplies & Solutions,S and S Supplies & Solutions,"They are not intereted they were just looking @ options,,,,,,,,,",,,,
Sager Electronics,Sager Electronics,",PeopleSoft user,Shannon Freise VP Operations; Frank Flynn President; uses PeopleSoft,,,,,,,",,,,
Sakamura USA Inc,Sakamura USA Inc,",,,,,,,,,",,,,
Saks Metering,Saks Metering,",,,,,,,,,",,,,
Salit Steel,Salit Steel,",,,,,,,,,",,,,
Samy's Camera,Samy's Camera,",,,,,,,,,",,,,
Sanmina,Sanmina,",,,,,,,,,",,,,
Sanofi,Sanofi,",,,,,,,,,",,,,
Schaper,Schaper,",,,,,,,,,",,,,
Scherer Industrial Group Inc,Scherer Industrial Group Inc,",,,,,,,,,",,,,
Schupan & Sons Inc,Schupan & Sons Inc,",,,,,,,,,",,,,
SCSI Stuff LLC,SCSI Stuff LLC,"This is an appointment for you Wally....From Stephanie Campbell,817-481-5904 is the main no other than the 800 no given....this is the number I called myself.,Spoke to Cameron Dugas who is the IT and Support Manager and their Quickbooks is getting ready to run out and he wants an alternative.   Nice guy!  Appt is for April 19th Wednesday at 3:00pm (CST).....Phone call with Wally.Assign to Wally.CONTACT - Cameron Dugas - IT MANAGER  email -cameron@scsistuff.comAPPT TIME AND DATE - 4/19/2017  @ 3:00PM CSTBilling & Shipping Address: SCSISTUFF, LLC 800 Industrial Blvd Suite 300 Grapevine, TX 76051 Phone: Toll-Free: 1-888-712-0717 Local: 817-481-5904 Fax: 817-410-1328,Billing & Shipping Address:SCSISTUFF, LLC800 Industrial BlvdSuite 300Grapevine, TX 76051Phone:Toll-Free: 1-888-712-0717Local: 817-481-5904Fax: 817-410-1328,Spoke with Cameron Dugas who is the manager of IT and Support will check on something and add additional notes,,,,,",,,,
Se-Kure Controls Inc,Se-Kure Controls Inc,",Dave Wooden it@se-kure.com,,your oppmissy,,,,,,",,,,
Seaway Transport International,Seaway Transport International,"talked to Roberto and he stopped me and said are we trying to sell him something.  DNC,,Roberto Mendez Owner,Talked to the owner and she said to take her off of our list.,,,,,,",,,,
Security Service Company,Security Service Company,"Security Service Company www.sscsince73.com not in dogfood,can't find contact in our db,,using single user PostBooks key -,PB user? Jim Long VP Ops; Ben Long Systems Admin; Matthew Hines CFO,,,,,",,,,
SecurityNexus,SecurityNexus,",,,,,,,,,",,,,
SEL,SEL,",,,,,,,,,",,,,
Select Systems Technology,Select Systems Technology,",looks partner-ish--rick,,,,,,,,",,,,
Semiconductor Equipment Corp,Semiconductor Equipment Corp,",,,,,,,,,",,,,
Senox,Senox,",,,,,,,,,",,,,
Sensors & Software Inc,Sensors & Software Inc,",,,,,,,,,",,,,
Seoul Trading USA Co,Seoul Trading USA Co,",,,,,,,,,",,,,
Shaklee Corporation,Shaklee Corporation,"wouldnt put me through to IT or Purchasing they took a message,No prompts for a name to find and receptionist is not at her desk,Erica no longer works for the company.,,Ericca Hoffman Director International Supply Chain ehoffman@shaklee.com $100-250M,,,,,",,,,
Shasko Global Logistics LLC,Shasko Global Logistics LLC,"I talked to Troy and they have a franchise and any type of software decisions are made by corporate they are owned by Landstar.  He was very nice and he doesnt know who looked at the site but he is not interested at all but spoke with me and said he appreciated the call.,President Troy Shasko800-733-1118Email: landstar@shasko.com,,I was told they dont have an IT dept and was switched to a manager and they are going to check and call me back to see who may have looked at the site.,,,,,,",,,,
Sherwin Williams,Sherwin Williams,",,,,,,,,,",,,,
Shick Soultions,Shick Soultions,",,,,,,,,,",,,,
Shirley of Hollywood,Shirley of Hollywood,",,,,,,,,,",,,,
Shoals Technologies Group,Shoals Technologies Group,",,,,,,,,,",,,,
Shop Iris Basic,Shop Iris Basic,"On hold too long,Called and the IT people are not picking up.,,,,,,,,",,,,
Shoppers Drug Mart,Shoppers Drug Mart,",,,,,,,,,",,,,
SHW Casting Technologies Inc,SHW Casting Technologies Inc,",David J. Antoniazzi President,,,,,,,,",,,,
SIBEX,SIBEX,",,,,,,,,,",,,,
Siemens Government Services. Inc,Siemens Government Services. Inc,"SAIC is a customer,,,,,,,,,",,,,
Sierra Computers Ltd,Sierra Computers Ltd,"IT Manager is in Alaska right now back in 2 weeks,Not available,,Sage, QB,,,,,,",,,,
Sigma Aldrich Corporation,Sigma Aldrich Corporation,",looking for alternative to SAP,,,,,,,,",,,,
Silfex,Silfex,"Douglas is not at his desk.,na,no answer,Douglass Tinnel dtinnel@silfex.com,,,,,,",,,,
Silver Spring,Silver Spring,",,,,,,,,,",,,,
Silvex International Inc,Silvex International Inc,"Richard Frounjian President,,,,,,,,,",,,,
Simco-Ion,Simco-Ion,",,,,,,,,,",,,,
Simply Amish,Simply Amish,",,,,,,,,,",,,,
SIS GPR LLC,SIS GPR LLC,",Robert Black, Owner,,,,,,,,",,,,
Skjodt-Barrett Foods Inc,Skjodt-Barrett Foods Inc,",,,,,,,,,",,,,
Skyhawk Telematics,Skyhawk Telematics,",,,,,,,,,",,,,
Skyward IO,Skyward IO,"Not available,,,,,,,,,",,,,
Slade Gorton & Co Inc,Slade Gorton & Co Inc,",,,,,,,,,",,,,
Sloan,Sloan,",,,,,,,,,",,,,
SMP,SMP,",,,,,,,,,",,,,
Smurfit-Stone Container Corp,Smurfit-Stone Container Corp,",,,,,,,,,",,,,
Soal Technologies LLC,Soal Technologies LLC,",,,,,,,,,",,,,
Soft-Tex Manufacturing,Soft-Tex Manufacturing,",Sharon Riley Director-Operations sriley@soft-tex.com 518-235-3645 $10-25M,,,,,,,,",,,,
Software Concepts Inc,Software Concepts Inc,",looks like Partner prospect,,,,,,,,",,,,
Solon Manufacturing Co,Solon Manufacturing Co,",,,,,,,,,",,,,
Solutions d'affaires de la Capitale Inc,Solutions d'affaires de la Capitale Inc,",,,,,,,,,",,,,
Somerset CPAs and Advisors,Somerset CPAs and Advisors,",bkinnaman@somersetcpas.com Brian Kinnaman,,,,,,,,",,,,
Sonepar Management US Inc,Sonepar Management US Inc,",Matthew Pothier VP IT,,,,,,,,",,,,
Sonnet Software Inc,Sonnet Software Inc,",,,,,,,,,",,,,
Sonoma Graphic Products Inc,Sonoma Graphic Products Inc,",,,,,,,,,",,,,
Soundwich Inc,Soundwich Inc,",,,,,,,,,",,,,
South Georgia Pecan Co,South Georgia Pecan Co,",,,,,,,,,",,,,
South Peak Interactive,South Peak Interactive,",tested our software but no contact info,,,,,,,,",,,,
Southern Wake Electric Service Inc,Southern Wake Electric Service Inc,"Norman Carl Eason, President,,,,,,,,,",,,,
Space Craft Mfg Inc,Space Craft Mfg Inc,",,,,,,,,,",,,,
Spartan Controls,Spartan Controls,",,,,,,,,,",,,,
Special Hermetic Products Inc,Special Hermetic Products Inc,",,,,,,,,,",,,,
SPI Transportation Inc,SPI Transportation Inc,",Mike Smith president,,,,,,,,",,,,
Sport Hill Inc,Sport Hill Inc,"may be a duplicate in LEADS,,using old version of free PostBooks - let's help them upgrade! Malcolm MacKinnon Controller malcolm@lion.sporthill.com; Jim Hill jmh@sporthill.com also inventor of http://www.groutgator.com/,,,,,,,",,,,
SportHill Direct Inc,SportHill Direct Inc,"I left a msg for him to call back.,Jim Hill - using free PostBooks,,Left a msg for the recepetionist she is going to have someone call me back I gave them my cell phone no,,,,,,",,,,
Sprague,Sprague,",,,,,,,,,",,,,
SRC Inc,SRC Inc,",Kevin Hair COO, Philip Fazio CFO,,,,,,,,",,,,
Stas,Stas,",mfg but a CAN companywasn't sure if you or Wally wantedmissy,,,,,,,,",,,,
STC Footwear,STC Footwear,",,,,,,,,,",,,,
Steel Dynamics Inc,Steel Dynamics Inc,",,,,,,,,,",,,,
Stellar Technologies,Stellar Technologies,",,,,,,,,,",,,,
Steuben Foods,Steuben Foods,",,,,,,,,,",,,,
Stevens Aviation,Stevens Aviation,",,,,,,,,,",,,,
Stiles,Stiles,",,,,,,,,,",,,,
Stirling Ultracold,Stirling Ultracold,",,,,,,,,,",,,,
Stoneridge Software Inc,Stoneridge Software Inc,",eric@stoneridgesoftware.com,Eric Newell President (on your VAR list!),,,,,,,",,,,
Storey,Storey,"IT Manager is Jason Moon.  Gone for the day.,,,,,,,,,",,,,
Strings Restaurant Group,Strings Restaurant Group,"food DIST - not just restaurant chain,,using free PostBooks, no contact record in df,,,,,,,",,,,
Subatomic Digital Inc,Subatomic Digital Inc,",,,,,,,,,",,,,
Summit Appliance,Summit Appliance,",also DISTmissy,,,,,,,,",,,,
Sunrise Labs,Sunrise Labs,",,,,,,,,,",,,,
Superior Grocers,Superior Grocers,"Giovanni     gio@superiorgrocers.com he is the director email him wont give out number,,,,,,,,,",,,,
Superior Mobile Medics Inc,Superior Mobile Medics Inc,",,,,,,,,,",,,,
Supreme Group,Supreme Group,",did not complete the Free Demo or Sage webforms,,,,,,,,",,,,
Suzys Cream Cheesecakes,Suzys Cream Cheesecakes,",,,,,,,,,",,,,
SVAT Electronics,SVAT Electronics,",,,,,,,,,",,,,
SW Safety Solutions Inc,SW Safety Solutions Inc,"Belle Chou president,,,,,,,,,",,,,
Synaptics Inc,Synaptics Inc,",,,,,,,,,",,,,
Synesis International Inc,Synesis International Inc,"From VAR list,,Ricardo Studart President rstudart@synesisintl.com,,,,,,,",,,,
Sysco Corporation,Sysco Corporation,"wayne.shurts@sysco.com CTO 281-584-1471,,,,,,,,,",,,,
Systemes De Marquage Industriel Inc,Systemes De Marquage Industriel Inc,",,,,,,,,,",,,,
Tag Construction Ltd,Tag Construction Ltd,"He said to cb next week it is Good Friday,,Michael J. Grant manager,,,,,,,",,,,
Talyst Inc,Talyst Inc,"Away from his desk,not available,Away from his desk.,He is away from his desk,He is away from his desk right now.,using FREE PostBooks - we do NOT have a record of this company - if you could find out details & we'd like to help them upgrade to a newer version!,Robert is not at his desk I will try again tomorrow I think he is the right person to talk to.,,Contact in IT is Robert Chargoff he is not at his desk I didnt leave a message,",,,,
Taylor Communications,Taylor Communications,"Hitting our website from their OH and MN locations http://www.taylorcorp.com,,,,,,,,,",,,,
Taylor Corporation,Taylor Corporation,"Hitting our website from their MN and OH locations http://www.taylorcommunications.com,,,,,,,,,",,,,
TaylorMade Golf Company Inc,TaylorMade Golf Company Inc,",,,,,,,,,",,,,
TE Connectivity,TE Connectivity,"Reached a customer care line,,vincent.depaul@te.com,,,,,,,",,,,
Teal Electronics Corporation,Teal Electronics Corporation,"Finance and IT are not answering,,,,,,,,,",,,,
Tech Etch Inc,Tech Etch Inc,",http://www.tech-etch.com/shows.html --metals focus (came to us via Panorama Consulting),,,,,,,,",,,,
Tech Inc,Tech Inc,",,,,,,,,,",,,,
Tech-Trek Ltd,Tech-Trek Ltd,"may be a duplicate in LEADS,,did not complete free demo signup,,,,,,,",,,,
Tech-Trek Ltd,Tech-Trek Ltd,",,,,,,,,,",,,,
TechCentric,TechCentric,",,,,,,,,,",,,,
TechMah LLC,TechMah LLC,",assigning to Lead Slam,,,,,,,,",,,,
TechnoLine LLC,TechnoLine LLC,",,,,,,,,,",,,,
Tego,Tego,",,,,,,,,,",,,,
Telco Stores,Telco Stores,",Eddie Serure owner,,,,,,,,",,,,
Temp-Art Mechanical Inc,Temp-Art Mechanical Inc,",did not complete free demo signup,,,,,,,,",,,,
Tempco Electric Heater Corporation,Tempco Electric Heater Corporation,",,,,,,,,,",,,,
Tenacore,Tenacore,"David Pak is not at his desk they switched me and the phone just rang.,He is not at his desk,david@tenacore.com also seems to be a valid email for the IT Manager contact.,david.pak@tenacore.com,,,,,,",,,,
Tencarva Machinery Company,Tencarva Machinery Company,",looks like they work with DISTmissy,,,,,,,,",,,,
Tender Corporation,Tender Corporation,",,,,,,,,,",,,,
Tepco,Tepco,",Kreg McCall Manager kreg.mccall@tepco.us 281.460.6894,,,,,,,,",,,,
Terry's Machine & Manufacturing Inc,Terry's Machine & Manufacturing Inc,",,,,,,,,,",,,,
Tessera,Tessera,",Jeremy Theil Accounting INVENS signed up via FT,,,,,,,,",,,,
Teva Pharmaceuticals,Teva Pharmaceuticals,",,,,,,,,,",,,,
Texas Recycling/ Surplus Inc,Texas Recycling/ Surplus Inc,",Craig Litman owner/CFO,,,,,,,,",,,,
Texton Inc,Texton Inc,",Ed Williams CEO,,,,,,,,",,,,
THAT Corporation,THAT Corporation,",,,,,,,,,",,,,
The Boon Group Inc,The Boon Group Inc,",Jonathan Green jgreen@apolloendo.com downloaded worksheet to calculate ERP ROI,,,,,,,,",,,,
The Bruery,The Bruery,"Not in the office right now,,,,,,,,,",,,,
The Clarke Group,The Clarke Group,",,,,,,,,,",,,,
The Culver Studio,The Culver Studio,",Rudy Alcala IT Mgr, James Bass VP Finance,,,,,,,,",,,,
The Dimensional Group,The Dimensional Group,",,,,,,,,,",,,,
The Drake Company,The Drake Company,"jcarrico@drakecontainer.com John Carrico CEO,,,,,,,,,",,,,
The ExOne Company,The ExOne Company,",,,,,,,,,",,,,
The_Gourmet Gang,The_Gourmet Gang,"He is only using the free version they dont need a paid version he also told me that he wrote an article for our website called Xtuple you.,,Seth McClain smcclain@hydeco.com 406-541-4777,,,,,,,",,,,
The Hyde Company,The Hyde Company,",James Ochs jochs@maroeste.com 859-488-1580 Maroeste Enterprises,,,,,,,,",,,,
The Jockey Club,The Jockey Club,",,,,,,,,,",,,,
The Wheel Source Inc,The Wheel Source Inc,"local to us,,mahi@gourmetgang.com Mahi Maddis x 224,,,,,,,",,,,
Think Surgical,Think Surgical,",,,,,,,,,",,,,
Thomas & Betts,Thomas & Betts,"There are no prompts to get through,,Royce Thompson Managing Director,,,,,,,",,,,
Timbuk2,Timbuk2,",,,,,,,,,",,,,
Time Solutions Inc,Time Solutions Inc,",,,,,,,,,",,,,
To-Jo Mushrooms,To-Jo Mushrooms,",hitting pre-key PostBooks - we have no contact info,,,,,,,,",,,,
TODD Construction Inc,TODD Construction Inc,"There is no IT dept and she switched me to a womans vm,duplicate in LEADS,,,,,,,,",,,,
Tombow USA,Tombow USA,",JEFF HINN Jhinn@tombowusa.com president,multi-lingual, multi-currency needs,,,,,,,",,,,
Tommy John Inc,Tommy John Inc,",mfg i think--rickster,maybe DIST? or PostBooks (if so, plz reassign to Cam),,,,,,,",,,,
Tory Burch LLC,Tory Burch LLC,",,,,,,,,,",,,,
Total Equipment And Service,Total Equipment And Service,",,,,,,,,,",,,,
TouchTronics Inc,TouchTronics Inc,",Natalie Rose Purchasing Mgr nrose@touchtronics.com; Tom Sneddon Sys Eng tom@touchtronics.com,Contacts:Natalie Rose - Purchasing ManagerTom Sneddon - Engineering,Old prospect.  That have been around for a LONG time.,,,,,,",,,,
Transcend Medical Inc,Transcend Medical Inc,",,,,,,,,,",,,,
Transupport Inc,Transupport Inc,",Looks DIST -Cam,,,,,,,,",,,,
TRC Electronics Inc,TRC Electronics Inc,",,,,,,,,,",,,,
TreeHouse,TreeHouse,"Noone is at the desk.,,,,,,,,,",,,,
Trend Offset Printing Services Inc,Trend Offset Printing Services Inc,",,,,,,,,,",,,,
Trew Audio,Trew Audio,",,,,,,,,,",,,,
Tri Tec Electronics Inc,Tri Tec Electronics Inc,",DIST?,,,,,,,,",,,,
Tricension,Tricension,",Mike Lammers CEO mike.lammers@tricension.com (Netsuite, MSFT) - make appointment w/xTuple's Danielle Kerner,,,,,,,,",,,,
Tricon Geophysics Inc,Tricon Geophysics Inc,",Alan Guzowski CEO,,,,,,,,",,,,
TriMark,TriMark,",,,,,,,,,",,,,
Trimble Navigation Limited,Trimble Navigation Limited,"NA,,did not convert with free demo or PostBooks webforms-no contact info,didn't complete FT form on 1/3/17,,,,,,",,,,
Triple Inc,Triple Inc,",Randy Krzewski Controller (they're in Detroit area),,,,,,,,",,,,
Tru Tech System,Tru Tech System,",,,,,,,,,",,,,
Tube Fab/Roman Engineering Co Inc,Tube Fab/Roman Engineering Co Inc,",Pipe&Tube lead?,,,,,,,,",,,,
Tyco International Ltd,Tyco International Ltd,",,,,,,,,,",,,,
Tyler Technologies,Tyler Technologies,",President andrew.teed@tylertech.com,,,,,,,,",,,,
Tyler Technologies,Tyler Technologies,",,,,,,,,,",,,,
U.S. Coating Company,U.S. Coating Company,",,,,,,,,,",,,,
Ultragenyx Pharmaceutical,Ultragenyx Pharmaceutical,",,,,,,,,,",,,,
Unarco Material Handling Inc,Unarco Material Handling Inc,",sounds like Cornerstonemissy,,,,,,,,",,,,
United Construction Corporation,United Construction Corporation,"No answer just rang.,,using free PostBooks - no contact info,,,,,,,",,,,
United Distribution Services Inc,United Distribution Services Inc,",,,,,,,,,",,,,
United States Stove Company,United States Stove Company,",,,,,,,,,",,,,
United Technologies,United Technologies,",,,,,,,,,",,,,
United Technologies Research Center,United Technologies Research Center,",,,,,,,,,",,,,
UniTrak Corporation Ltd,UniTrak Corporation Ltd,"Ted nor Neil was at their desk.,,Ted Gorsline tgorsline@unitrak.com or neil@unitrak.com,opp with KMichienzi,mfg--rick,DISTmissy,,,,",,,,
University of Calgary,University of Calgary,"Darren Chaddock dchaddoc@ucalgary.ca, Pinchas Nisenson Strategic Planning nisenson@ucalgary.ca, Khee Teck Wong wongkt@enme.ucalgary.ca Engineering Dept,Called and there was no answer...vm came on,,using very old version of PostBooks - need upgrade! Darren Chaddock dchaddoc@ucalgary.ca - using in classroom?,,,,,,",,,,
Ursa Information Systems,Ursa Information Systems,",Greg Mader CEO gmader@ursainfosystems.com909-499-1126,,,,,,,,",,,,
US Colorworks,US Colorworks,",Rodney Mcdonald president affiliated http://www.logodogz.com/,,,,,,,,",,,,
USG,USG,",,,,,,,,,",,,,
V E C Technologies LLC,V E C Technologies LLC,",Victor Cosentine (PostBooks¬ key request) victorc@evowire.com,,,,,,,,",,,,
Valeo,Valeo,",DIST to auto mktmissy,,,,,,,,",,,,
Van Gogh Designs,Van Gogh Designs,",,,,,,,,,",,,,
Vandale Industries Inc,Vandale Industries Inc,",Annamaria Siegel CFO,,,,,,,,",,,,
Vanwin Coatings Of Virginia LLC,Vanwin Coatings Of Virginia LLC,"think this is MFG,,Jennifer Whitman CEO/Owner; Mike Hall VP-Production (local),,,,,,,",,,,
VAPRO Supply,VAPRO Supply,",Abraham Aboody co-owner - invite to https://xtuple.com/roadshow-houston,,,,,,,,",,,,
Vast-Auto Distribution,Vast-Auto Distribution,",Joey Miceli VP,,,,,,,,",,,,
Vector Horizon Technology LLC,Vector Horizon Technology LLC,",,,,,,,,,",,,,
Venture 3 Systems LLC,Venture 3 Systems LLC,",mfg? rick,,,,,,,,",,,,
Veolia,Veolia,",,,,,,,,,",,,,
Verathon,Verathon,",,,,,,,,,",,,,
Vermont Coffee Company,Vermont Coffee Company,",,,,,,,,,",,,,
Versa Tech Metal Fab Inc,Versa Tech Metal Fab Inc,",,,,,,,,,",,,,
VIA Motors,VIA Motors,",mfgmissy,,,,,,,,",,,,
Victor Stanley Inc,Victor Stanley Inc,",,,,,,,,,",,,,
Victory International (USA) LLC,Victory International (USA) LLC,"Left a voice mail message for Sean Monga,Sean is on a conference call right now,Sean Monga is the vm I was switched to the receptionist said that they dont have an IT department,,,Anil K. Monga CEO,,,,,",,,,
Village Homes,Village Homes,",MFG--rick,,,,,,,,",,,,
Virginia Tile,Virginia Tile,",,,,,,,,,",,,,
Vision/R4 Corporation,Vision/R4 Corporation,",,,,,,,,,",,,,
Vision33,Vision33,"may be a duplicate in LEADS,,Alex Rooney VP (on VAR prospect list) diff location from this Visit- he's in Irvine CA 949-420-3300 alex.rooney@vision33.com,,,,,,,",,,,
Vision33,Vision33,",,,,,,,,,",,,,
Volta Llc,Volta Llc,"james.pixley@volta-us.com Mfg Mgr,,,,,,,,,",,,,
VPI Corporation,VPI Corporation,",,,,,,,,,",,,,
VSP Technologies,VSP Technologies,",,,,,,,,,",,,,
VTI Instruments Corp,VTI Instruments Corp,",,,,,,,,,",,,,
W.P. & R.S. Mars Co,W.P. & R.S. Mars Co,"Jim is the IT manager and he is out of the office on the road today.,,,,,,,,,",,,,
Wallenstein Feed & Supply Ltd,Wallenstein Feed & Supply Ltd,",,,,,,,,,",,,,
Wallis Companies,Wallis Companies,",,,,,,,,,",,,,
Walpole & Co LLP,Walpole & Co LLP,"Not the right industry,,,,,,,,,",,,,
Walsworth,Walsworth,",,,,,,,,,",,,,
Warren Averett CPAs & Advisors,Warren Averett CPAs & Advisors,"Not at her desk,no answer,Heather Flaherty speak to her she is not at her desk.,,,,,,,",,,,
Warren Manufacturing Inc,Warren Manufacturing Inc,",,,,,,,,,",,,,
WaterFurnace,WaterFurnace,",,,,,,,,,",,,,
Watson Label Products Inc,Watson Label Products Inc,",,,,,,,,,",,,,
Wayne Trail,Wayne Trail,",,,,,,,,,",,,,
Weatherford Canada Partnership,Weatherford Canada Partnership,",Want a contact for this one. Thanks. - Cam,,,,,,,,",,,,
Webb Plumbing Heating & Electric Corp,Webb Plumbing Heating & Electric Corp,",,,,,,,,,",,,,
Weigh Right Automatic Scale Co,Weigh Right Automatic Scale Co,"Steve Omberg is the manager,,,,,,,,,",,,,
Weis Markets Inc,Weis Markets Inc,",,,,,,,,,",,,,
Welded Tubes Inc,Welded Tubes Inc,",,,,,,,,,",,,,
Wenthe-Davidson Engineering Co.,Wenthe-Davidson Engineering Co.,",,,,,,,,,",,,,
Wertz & Company LLP,Wertz & Company LLP,"they are up against a tax deadline today cb next week she said,,partner prospect?,,,,,,,",,,,
Western Diazo Coaters Ltd,Western Diazo Coaters Ltd,",,,,,,,,,",,,,
Wheels,Wheels,",Tim O'Hara CIO,,,,,,,,",,,,
Whip Mix Corp,Whip Mix Corp,",,,,,,,,,",,,,
White Ware,White Ware,"not available,Nobody answered,David Whitehouse president dww@whiteware.com,,,,,,,",,,,
Whitestone Farms,Whitestone Farms,",,,,,,,,,",,,,
Whitmor Inc,Whitmor Inc,"not available,,,,,,,,,",,,,
Wide Band Systems Inc,Wide Band Systems Inc,",Frank Padula, President fpadula@widebandsystems.com,,,,,,,,",,,,
Wilbur Plumbing,Wilbur Plumbing,",,,,,,,,,",,,,
Wilson Display Ltd,Wilson Display Ltd,",MFG,,,,,,,,",,,,
Winding River Solutions Inc,Winding River Solutions Inc,",,,,,,,,,",,,,
Winsupply Inc,Winsupply Inc,",,,,,,,,,",,,,
Wintec Industries Inc,Wintec Industries Inc,",,,,,,,,,",,,,
Wolverine Tube,Wolverine Tube,",,,,,,,,,",,,,
Woodman's Market,Woodman's Market,"No answer at corporate and no prompts on the phone,This is the retail store the corporate no is 608-754-8382.  I will call there and see if I can reach anyone..,,,,,,,,",,,,
World Data Products,World Data Products,",,,,,,,,,",,,,
Worthington Industries,Worthington Industries,",,,,,,,,,",,,,
Wrentham Tool Group,Wrentham Tool Group,",,,,,,,,,",,,,
Xigent Automation Systems Inc,Xigent Automation Systems Inc,",Brian Bleichrodt BBleichrodt@xasinc.com CFO,,,,,,,,",,,,
Yaskawa,Yaskawa,",,,,,,,,,",,,,
Yeo & Yeo,Yeo & Yeo,"On hold for five minutes receptionist came back and said he was na.,not available,,Jeff McCulloch jefmcc@yeoandyeo.com,,,,,,",,,,
Zalco Laboratories Inc,Zalco Laboratories Inc,",,,,,,,,,",,,,
ZAPS Technologies Inc,ZAPS Technologies Inc,",download openrpt? perhaps a PostBooks user?missy,,,,,,,,",,,,
Zenith Electronics LLC,Zenith Electronics LLC,",,,,,,,,,",,,,
Zevacor Molecular,Zevacor Molecular,"Nobody is at their desk I treid 2 prompts,,,,,,,,,",,,,
Zipcar Inc,Zipcar Inc,",,,,,,,,,",,,,
Zoeller Pump Company,Zoeller Pump Company,",,,,,,,,,",,,,
Zumasys Inc,Zumasys Inc,",Paul Giobbi president - partner prospect (make appointment w/xTuple's Danielle),,,,,,,,",,,,